YEAR,MONTH,AREA,NEGEAR,GEARNM,COMNAME,SAMPWEIGHT,LENANML,NUMLEN
1992,03,514,100,"GILL NET, FIXED OR ANCHORED,SINK, OTHER/NK SPECIES",LUMPFISH,9,33,1
1992,03,514,100,"GILL NET, FIXED OR ANCHORED,SINK, OTHER/NK SPECIES",LUMPFISH,9,38,1
1996,05,514,100,"GILL NET, FIXED OR ANCHORED,SINK, OTHER/NK SPECIES",LUMPFISH,4,35,1
1996,05,514,100,"GILL NET, FIXED OR ANCHORED,SINK, OTHER/NK SPECIES",LUMPFISH,4,42,1
1996,05,514,100,"GILL NET, FIXED OR ANCHORED,SINK, OTHER/NK SPECIES",LUMPFISH,4,35,1
1999,11,513,100,"GILL NET, FIXED OR ANCHORED,SINK, OTHER/NK SPECIES",LUMPFISH,9,52,1
2000,07,515,050,"TRAWL,OTTER,BOTTOM,FISH",LUMPFISH,7.5,38,1
2003,02,514,050,"TRAWL,OTTER,BOTTOM,FISH",LUMPFISH,10,44,1
2003,04,521,050,"TRAWL,OTTER,BOTTOM,FISH",LUMPFISH,16,52,1
2003,04,521,050,"TRAWL,OTTER,BOTTOM,FISH",LUMPFISH,24,35,1
2003,04,521,050,"TRAWL,OTTER,BOTTOM,FISH",LUMPFISH,24,39,1
2003,04,521,050,"TRAWL,OTTER,BOTTOM,FISH",LUMPFISH,24,41,1
2003,05,561,050,"TRAWL,OTTER,BOTTOM,FISH",LUMPFISH,16,48,1
2003,06,514,050,"TRAWL,OTTER,BOTTOM,FISH",LUMPFISH,1,28,1
2003,06,514,050,"TRAWL,OTTER,BOTTOM,FISH",LUMPFISH,6,37,1
2003,07,513,050,"TRAWL,OTTER,BOTTOM,FISH",LUMPFISH,8,48,1
2003,07,513,050,"TRAWL,OTTER,BOTTOM,FISH",LUMPFISH,72,29,2
2003,07,513,050,"TRAWL,OTTER,BOTTOM,FISH",LUMPFISH,72,31,1
2003,07,513,050,"TRAWL,OTTER,BOTTOM,FISH",LUMPFISH,72,32,1
2003,07,513,050,"TRAWL,OTTER,BOTTOM,FISH",LUMPFISH,72,35,1
2003,07,513,050,"TRAWL,OTTER,BOTTOM,FISH",LUMPFISH,72,37,1
2003,07,513,050,"TRAWL,OTTER,BOTTOM,FISH",LUMPFISH,72,38,2
2003,07,513,050,"TRAWL,OTTER,BOTTOM,FISH",LUMPFISH,72,43,1
2003,07,513,050,"TRAWL,OTTER,BOTTOM,FISH",LUMPFISH,72,47,1
2003,07,513,050,"TRAWL,OTTER,BOTTOM,FISH",LUMPFISH,72,55,1
2003,07,513,050,"TRAWL,OTTER,BOTTOM,FISH",LUMPFISH,7,42,1
2003,07,513,050,"TRAWL,OTTER,BOTTOM,FISH",LUMPFISH,36,27,1
2003,07,513,050,"TRAWL,OTTER,BOTTOM,FISH",LUMPFISH,36,31,1
2003,07,513,050,"TRAWL,OTTER,BOTTOM,FISH",LUMPFISH,36,32,2
2003,07,513,050,"TRAWL,OTTER,BOTTOM,FISH",LUMPFISH,36,33,1
2003,07,513,050,"TRAWL,OTTER,BOTTOM,FISH",LUMPFISH,36,35,2
2003,07,513,050,"TRAWL,OTTER,BOTTOM,FISH",LUMPFISH,36,37,1
2003,07,513,050,"TRAWL,OTTER,BOTTOM,FISH",LUMPFISH,56,26,1
2003,07,513,050,"TRAWL,OTTER,BOTTOM,FISH",LUMPFISH,56,27,1
2003,07,513,050,"TRAWL,OTTER,BOTTOM,FISH",LUMPFISH,56,28,1
2003,07,513,050,"TRAWL,OTTER,BOTTOM,FISH",LUMPFISH,56,29,1
2003,07,513,050,"TRAWL,OTTER,BOTTOM,FISH",LUMPFISH,56,30,3
2003,07,513,050,"TRAWL,OTTER,BOTTOM,FISH",LUMPFISH,56,33,1
2003,07,513,050,"TRAWL,OTTER,BOTTOM,FISH",LUMPFISH,56,34,1
2003,07,513,050,"TRAWL,OTTER,BOTTOM,FISH",LUMPFISH,56,37,1
2003,07,513,050,"TRAWL,OTTER,BOTTOM,FISH",LUMPFISH,56,38,1
2003,07,513,050,"TRAWL,OTTER,BOTTOM,FISH",LUMPFISH,42,20,1
2003,07,513,050,"TRAWL,OTTER,BOTTOM,FISH",LUMPFISH,42,22,1
2003,07,513,050,"TRAWL,OTTER,BOTTOM,FISH",LUMPFISH,42,26,1
2003,07,513,050,"TRAWL,OTTER,BOTTOM,FISH",LUMPFISH,42,27,1
2003,07,513,050,"TRAWL,OTTER,BOTTOM,FISH",LUMPFISH,42,29,1
2003,07,513,050,"TRAWL,OTTER,BOTTOM,FISH",LUMPFISH,42,31,1
2003,07,513,050,"TRAWL,OTTER,BOTTOM,FISH",LUMPFISH,42,32,2
2003,07,513,050,"TRAWL,OTTER,BOTTOM,FISH",LUMPFISH,42,34,1
2003,07,513,050,"TRAWL,OTTER,BOTTOM,FISH",LUMPFISH,42,37,1
2003,07,513,050,"TRAWL,OTTER,BOTTOM,FISH",LUMPFISH,42,38,1
2003,07,513,050,"TRAWL,OTTER,BOTTOM,FISH",LUMPFISH,35,26,1
2003,07,513,050,"TRAWL,OTTER,BOTTOM,FISH",LUMPFISH,35,27,4
2003,07,513,050,"TRAWL,OTTER,BOTTOM,FISH",LUMPFISH,35,30,1
2003,07,513,050,"TRAWL,OTTER,BOTTOM,FISH",LUMPFISH,35,32,1
2003,07,513,050,"TRAWL,OTTER,BOTTOM,FISH",LUMPFISH,35,33,1
2003,07,513,050,"TRAWL,OTTER,BOTTOM,FISH",LUMPFISH,35,37,1
2003,07,513,050,"TRAWL,OTTER,BOTTOM,FISH",LUMPFISH,35,41,1
2003,08,513,050,"TRAWL,OTTER,BOTTOM,FISH",LUMPFISH,83,23,2
2003,08,513,050,"TRAWL,OTTER,BOTTOM,FISH",LUMPFISH,83,24,3
2003,08,513,050,"TRAWL,OTTER,BOTTOM,FISH",LUMPFISH,83,25,3
2003,08,513,050,"TRAWL,OTTER,BOTTOM,FISH",LUMPFISH,83,26,4
2003,08,513,050,"TRAWL,OTTER,BOTTOM,FISH",LUMPFISH,83,28,1
2003,08,513,050,"TRAWL,OTTER,BOTTOM,FISH",LUMPFISH,83,29,2
2003,08,513,050,"TRAWL,OTTER,BOTTOM,FISH",LUMPFISH,83,30,1
2003,08,513,050,"TRAWL,OTTER,BOTTOM,FISH",LUMPFISH,83,31,2
2003,08,513,050,"TRAWL,OTTER,BOTTOM,FISH",LUMPFISH,83,32,1
2003,08,513,050,"TRAWL,OTTER,BOTTOM,FISH",LUMPFISH,83,33,1
2003,08,513,050,"TRAWL,OTTER,BOTTOM,FISH",LUMPFISH,83,37,1
2003,08,513,050,"TRAWL,OTTER,BOTTOM,FISH",LUMPFISH,30,28,2
2003,08,513,050,"TRAWL,OTTER,BOTTOM,FISH",LUMPFISH,30,31,1
2003,08,513,050,"TRAWL,OTTER,BOTTOM,FISH",LUMPFISH,30,32,1
2003,08,513,050,"TRAWL,OTTER,BOTTOM,FISH",LUMPFISH,30,33,1
2003,08,513,050,"TRAWL,OTTER,BOTTOM,FISH",LUMPFISH,30,38,1
2003,09,514,100,"GILL NET, FIXED OR ANCHORED,SINK, OTHER/NK SPECIES",LUMPFISH,14,50,1
2003,10,513,117,"GILL NET,DRIFT-SINK, FISH",LUMPFISH,5,36,1
2003,11,513,050,"TRAWL,OTTER,BOTTOM,FISH",LUMPFISH,42,30,1
2003,11,513,050,"TRAWL,OTTER,BOTTOM,FISH",LUMPFISH,42,34,1
2003,11,513,050,"TRAWL,OTTER,BOTTOM,FISH",LUMPFISH,42,43,1
2003,11,513,050,"TRAWL,OTTER,BOTTOM,FISH",LUMPFISH,42,45,1
2003,11,513,050,"TRAWL,OTTER,BOTTOM,FISH",LUMPFISH,42,54,1
2003,11,513,050,"TRAWL,OTTER,BOTTOM,FISH",LUMPFISH,33,30,1
2003,11,513,050,"TRAWL,OTTER,BOTTOM,FISH",LUMPFISH,33,33,1
2003,11,513,050,"TRAWL,OTTER,BOTTOM,FISH",LUMPFISH,33,35,1
2003,11,513,050,"TRAWL,OTTER,BOTTOM,FISH",LUMPFISH,33,36,1
2003,11,513,050,"TRAWL,OTTER,BOTTOM,FISH",LUMPFISH,33,51,1
2003,12,512,050,"TRAWL,OTTER,BOTTOM,FISH",LUMPFISH,18,41,1
2003,12,512,050,"TRAWL,OTTER,BOTTOM,FISH",LUMPFISH,18,43,1
2003,12,515,050,"TRAWL,OTTER,BOTTOM,FISH",LUMPFISH,137,26,1
2003,12,515,050,"TRAWL,OTTER,BOTTOM,FISH",LUMPFISH,137,30,3
2003,12,515,050,"TRAWL,OTTER,BOTTOM,FISH",LUMPFISH,137,31,1
2003,12,515,050,"TRAWL,OTTER,BOTTOM,FISH",LUMPFISH,137,32,1
2003,12,515,050,"TRAWL,OTTER,BOTTOM,FISH",LUMPFISH,137,33,2
2003,12,515,050,"TRAWL,OTTER,BOTTOM,FISH",LUMPFISH,137,34,3
2003,12,515,050,"TRAWL,OTTER,BOTTOM,FISH",LUMPFISH,137,35,3
2003,12,515,050,"TRAWL,OTTER,BOTTOM,FISH",LUMPFISH,137,37,1
2003,12,515,050,"TRAWL,OTTER,BOTTOM,FISH",LUMPFISH,137,38,1
2003,12,515,050,"TRAWL,OTTER,BOTTOM,FISH",LUMPFISH,137,39,2
2003,12,515,050,"TRAWL,OTTER,BOTTOM,FISH",LUMPFISH,137,41,3
2003,12,515,050,"TRAWL,OTTER,BOTTOM,FISH",LUMPFISH,137,46,1
2003,12,515,050,"TRAWL,OTTER,BOTTOM,FISH",LUMPFISH,137,49,1
2003,12,515,050,"TRAWL,OTTER,BOTTOM,FISH",LUMPFISH,6,40,1
2004,01,465,050,"TRAWL,OTTER,BOTTOM,FISH",LUMPFISH,4,40,1
2004,01,522,050,"TRAWL,OTTER,BOTTOM,FISH",LUMPFISH,10,78,1
2004,03,522,050,"TRAWL,OTTER,BOTTOM,FISH",LUMPFISH,15,21,1
2004,03,522,050,"TRAWL,OTTER,BOTTOM,FISH",LUMPFISH,15,26,1
2004,03,522,050,"TRAWL,OTTER,BOTTOM,FISH",LUMPFISH,15,39,1
2004,04,561,050,"TRAWL,OTTER,BOTTOM,FISH",LUMPFISH,6,49,1
2004,04,515,050,"TRAWL,OTTER,BOTTOM,FISH",LUMPFISH,25,37,1
2004,04,515,050,"TRAWL,OTTER,BOTTOM,FISH",LUMPFISH,25,38,1
2004,04,515,050,"TRAWL,OTTER,BOTTOM,FISH",LUMPFISH,25,49,1
2004,05,513,050,"TRAWL,OTTER,BOTTOM,FISH",LUMPFISH,3,30,1
2004,05,513,050,"TRAWL,OTTER,BOTTOM,FISH",LUMPFISH,5,35,1
2004,05,513,050,"TRAWL,OTTER,BOTTOM,FISH",LUMPFISH,3,34,1
2004,06,513,050,"TRAWL,OTTER,BOTTOM,FISH",LUMPFISH,5,36,1
2004,07,521,050,"TRAWL,OTTER,BOTTOM,FISH",LUMPFISH,5,32,1
2004,08,514,100,"GILL NET, FIXED OR ANCHORED,SINK, OTHER/NK SPECIES",LUMPFISH,5.3,46,1
2004,08,513,100,"GILL NET, FIXED OR ANCHORED,SINK, OTHER/NK SPECIES",LUMPFISH,19,56,1
2004,08,522,170,"TRAWL,OTTER,MIDWATER PAIRED",LUMPFISH,3,21,2
2004,08,513,117,"GILL NET,DRIFT-SINK, FISH",LUMPFISH,12,51,1
2004,08,522,170,"TRAWL,OTTER,MIDWATER PAIRED",LUMPFISH,3,17,1
2004,08,522,170,"TRAWL,OTTER,MIDWATER PAIRED",LUMPFISH,3,19,1
2004,08,513,100,"GILL NET, FIXED OR ANCHORED,SINK, OTHER/NK SPECIES",LUMPFISH,18,34,1
2004,08,513,100,"GILL NET, FIXED OR ANCHORED,SINK, OTHER/NK SPECIES",LUMPFISH,18,49,1
2004,08,513,050,"TRAWL,OTTER,BOTTOM,FISH",LUMPFISH,4,29,1
2004,08,513,117,"GILL NET,DRIFT-SINK, FISH",LUMPFISH,20,29,1
2004,08,513,117,"GILL NET,DRIFT-SINK, FISH",LUMPFISH,20,52,1
2004,09,514,100,"GILL NET, FIXED OR ANCHORED,SINK, OTHER/NK SPECIES",LUMPFISH,10,32,1
2004,08,513,117,"GILL NET,DRIFT-SINK, FISH",LUMPFISH,5,38,1
2004,08,513,117,"GILL NET,DRIFT-SINK, FISH",LUMPFISH,5,57,2
2004,08,513,117,"GILL NET,DRIFT-SINK, FISH",LUMPFISH,5,58,1
2004,08,513,117,"GILL NET,DRIFT-SINK, FISH",LUMPFISH,5,60,1
2004,08,513,117,"GILL NET,DRIFT-SINK, FISH",LUMPFISH,5,63,1
2004,08,513,117,"GILL NET,DRIFT-SINK, FISH",LUMPFISH,5,66,1
2004,08,513,117,"GILL NET,DRIFT-SINK, FISH",LUMPFISH,5,67,1
2004,08,513,117,"GILL NET,DRIFT-SINK, FISH",LUMPFISH,5,68,2
2004,08,513,100,"GILL NET, FIXED OR ANCHORED,SINK, OTHER/NK SPECIES",LUMPFISH,40,35,2
2004,08,513,100,"GILL NET, FIXED OR ANCHORED,SINK, OTHER/NK SPECIES",LUMPFISH,40,46,1
2004,08,513,100,"GILL NET, FIXED OR ANCHORED,SINK, OTHER/NK SPECIES",LUMPFISH,40,54,1
2004,08,513,100,"GILL NET, FIXED OR ANCHORED,SINK, OTHER/NK SPECIES",LUMPFISH,10,46,1
2004,08,513,100,"GILL NET, FIXED OR ANCHORED,SINK, OTHER/NK SPECIES",LUMPFISH,26,45,1
2004,08,513,100,"GILL NET, FIXED OR ANCHORED,SINK, OTHER/NK SPECIES",LUMPFISH,26,55,1
2004,08,513,100,"GILL NET, FIXED OR ANCHORED,SINK, OTHER/NK SPECIES",LUMPFISH,4,34,1
2004,08,514,050,"TRAWL,OTTER,BOTTOM,FISH",LUMPFISH,7,29,1
2004,08,514,050,"TRAWL,OTTER,BOTTOM,FISH",LUMPFISH,7,33,1
2004,09,513,117,"GILL NET,DRIFT-SINK, FISH",LUMPFISH,22,54,1
2004,09,513,100,"GILL NET, FIXED OR ANCHORED,SINK, OTHER/NK SPECIES",LUMPFISH,24,33,1
2004,11,514,050,"TRAWL,OTTER,BOTTOM,FISH",LUMPFISH,5,39,1
2004,11,515,050,"TRAWL,OTTER,BOTTOM,FISH",LUMPFISH,16,30,1
2004,11,515,050,"TRAWL,OTTER,BOTTOM,FISH",LUMPFISH,16,50,1
2004,11,512,050,"TRAWL,OTTER,BOTTOM,FISH",LUMPFISH,8,44,1
2004,11,515,050,"TRAWL,OTTER,BOTTOM,FISH",LUMPFISH,4,39,1
2004,12,513,050,"TRAWL,OTTER,BOTTOM,FISH",LUMPFISH,6,30,1
2004,12,513,050,"TRAWL,OTTER,BOTTOM,FISH",LUMPFISH,6,32,1
2004,12,513,050,"TRAWL,OTTER,BOTTOM,FISH",LUMPFISH,7,45,1
2005,02,514,050,"TRAWL,OTTER,BOTTOM,FISH",LUMPFISH,8,32,1
2005,02,514,050,"TRAWL,OTTER,BOTTOM,FISH",LUMPFISH,8,36,1
2005,02,514,100,"GILL NET, FIXED OR ANCHORED,SINK, OTHER/NK SPECIES",LUMPFISH,1.5,49,1
2005,05,514,170,"TRAWL,OTTER,MIDWATER PAIRED",LUMPFISH,12,26,1
2005,05,514,170,"TRAWL,OTTER,MIDWATER PAIRED",LUMPFISH,12,30,1
2005,05,514,170,"TRAWL,OTTER,MIDWATER PAIRED",LUMPFISH,12,42,1
2005,05,514,170,"TRAWL,OTTER,MIDWATER PAIRED",LUMPFISH,9,28,1
2005,05,514,170,"TRAWL,OTTER,MIDWATER PAIRED",LUMPFISH,9,29,2
2005,05,514,170,"TRAWL,OTTER,MIDWATER PAIRED",LUMPFISH,62,23,1
2005,05,514,170,"TRAWL,OTTER,MIDWATER PAIRED",LUMPFISH,62,24,1
2005,05,514,170,"TRAWL,OTTER,MIDWATER PAIRED",LUMPFISH,62,25,1
2005,05,514,170,"TRAWL,OTTER,MIDWATER PAIRED",LUMPFISH,62,26,6
2005,05,514,170,"TRAWL,OTTER,MIDWATER PAIRED",LUMPFISH,62,27,4
2005,05,514,170,"TRAWL,OTTER,MIDWATER PAIRED",LUMPFISH,62,28,4
2005,05,514,170,"TRAWL,OTTER,MIDWATER PAIRED",LUMPFISH,62,29,2
2005,05,514,170,"TRAWL,OTTER,MIDWATER PAIRED",LUMPFISH,62,30,3
2005,05,514,170,"TRAWL,OTTER,MIDWATER PAIRED",LUMPFISH,62,31,3
2005,05,514,170,"TRAWL,OTTER,MIDWATER PAIRED",LUMPFISH,62,33,1
2005,05,514,170,"TRAWL,OTTER,MIDWATER PAIRED",LUMPFISH,32,24,2
2005,05,514,170,"TRAWL,OTTER,MIDWATER PAIRED",LUMPFISH,32,25,1
2005,05,514,170,"TRAWL,OTTER,MIDWATER PAIRED",LUMPFISH,32,27,3
2005,05,514,170,"TRAWL,OTTER,MIDWATER PAIRED",LUMPFISH,32,28,2
2005,05,514,170,"TRAWL,OTTER,MIDWATER PAIRED",LUMPFISH,32,29,3
2005,05,514,170,"TRAWL,OTTER,MIDWATER PAIRED",LUMPFISH,32,30,1
2005,04,513,050,"TRAWL,OTTER,BOTTOM,FISH",LUMPFISH,5,36,1
2005,06,513,170,"TRAWL,OTTER,MIDWATER PAIRED",LUMPFISH,6,24,1
2005,06,513,170,"TRAWL,OTTER,MIDWATER PAIRED",LUMPFISH,6,30,1
2005,06,513,170,"TRAWL,OTTER,MIDWATER PAIRED",LUMPFISH,6,31,1
2005,06,513,170,"TRAWL,OTTER,MIDWATER PAIRED",LUMPFISH,76,25,2
2005,06,513,170,"TRAWL,OTTER,MIDWATER PAIRED",LUMPFISH,76,27,3
2005,06,513,170,"TRAWL,OTTER,MIDWATER PAIRED",LUMPFISH,76,28,3
2005,06,513,170,"TRAWL,OTTER,MIDWATER PAIRED",LUMPFISH,76,29,2
2005,06,513,170,"TRAWL,OTTER,MIDWATER PAIRED",LUMPFISH,76,30,1
2005,06,513,170,"TRAWL,OTTER,MIDWATER PAIRED",LUMPFISH,76,31,1
2005,06,513,170,"TRAWL,OTTER,MIDWATER PAIRED",LUMPFISH,76,32,2
2005,06,513,170,"TRAWL,OTTER,MIDWATER PAIRED",LUMPFISH,76,34,1
2005,06,513,170,"TRAWL,OTTER,MIDWATER PAIRED",LUMPFISH,76,38,2
2005,06,513,170,"TRAWL,OTTER,MIDWATER PAIRED",LUMPFISH,76,50,1
2005,06,513,170,"TRAWL,OTTER,MIDWATER PAIRED",LUMPFISH,76,51,1
2005,07,513,170,"TRAWL,OTTER,MIDWATER PAIRED",LUMPFISH,6,55,1
2005,07,514,100,"GILL NET, FIXED OR ANCHORED,SINK, OTHER/NK SPECIES",LUMPFISH,12,45,1
2005,07,513,100,"GILL NET, FIXED OR ANCHORED,SINK, OTHER/NK SPECIES",LUMPFISH,13,55,1
2005,08,514,100,"GILL NET, FIXED OR ANCHORED,SINK, OTHER/NK SPECIES",LUMPFISH,20,54,1
2005,08,514,100,"GILL NET, FIXED OR ANCHORED,SINK, OTHER/NK SPECIES",LUMPFISH,9,41,1
2005,08,514,100,"GILL NET, FIXED OR ANCHORED,SINK, OTHER/NK SPECIES",LUMPFISH,7,41,1
2005,09,513,100,"GILL NET, FIXED OR ANCHORED,SINK, OTHER/NK SPECIES",LUMPFISH,7,40,1
2005,09,513,100,"GILL NET, FIXED OR ANCHORED,SINK, OTHER/NK SPECIES",LUMPFISH,7,40,1
2005,09,513,117,"GILL NET,DRIFT-SINK, FISH",LUMPFISH,4,33,1
2005,09,513,100,"GILL NET, FIXED OR ANCHORED,SINK, OTHER/NK SPECIES",LUMPFISH,7,41,1
2005,10,513,100,"GILL NET, FIXED OR ANCHORED,SINK, OTHER/NK SPECIES",LUMPFISH,10,31,1
2005,10,513,100,"GILL NET, FIXED OR ANCHORED,SINK, OTHER/NK SPECIES",LUMPFISH,10,33,1
2005,10,513,100,"GILL NET, FIXED OR ANCHORED,SINK, OTHER/NK SPECIES",LUMPFISH,5,65,1
2005,10,513,100,"GILL NET, FIXED OR ANCHORED,SINK, OTHER/NK SPECIES",LUMPFISH,17,40,1
2005,10,513,100,"GILL NET, FIXED OR ANCHORED,SINK, OTHER/NK SPECIES",LUMPFISH,17,47,1
2005,10,513,100,"GILL NET, FIXED OR ANCHORED,SINK, OTHER/NK SPECIES",LUMPFISH,3,56,1
2005,12,515,050,"TRAWL,OTTER,BOTTOM,FISH",LUMPFISH,7,31,1
2005,12,515,050,"TRAWL,OTTER,BOTTOM,FISH",LUMPFISH,7,35,1
2006,02,464,117,"GILL NET,DRIFT-SINK, FISH",LUMPFISH,9,43,1
2007,10,515,050,"TRAWL,OTTER,BOTTOM,FISH",LUMPFISH,1.8,25,1
2008,06,513,100,"GILL NET, FIXED OR ANCHORED,SINK, OTHER/NK SPECIES",LUMPFISH,12.5,44,1
2009,02,521,050,"TRAWL,OTTER,BOTTOM,FISH",LUMPFISH,46,34,4
2009,02,521,050,"TRAWL,OTTER,BOTTOM,FISH",LUMPFISH,46,36,1
2009,02,521,050,"TRAWL,OTTER,BOTTOM,FISH",LUMPFISH,46,40,1
2009,02,521,050,"TRAWL,OTTER,BOTTOM,FISH",LUMPFISH,46,41,1
2009,02,521,050,"TRAWL,OTTER,BOTTOM,FISH",LUMPFISH,46,42,1
2009,02,537,100,"GILL NET, FIXED OR ANCHORED,SINK, OTHER/NK SPECIES",LUMPFISH,8,46,1
2009,02,514,050,"TRAWL,OTTER,BOTTOM,FISH",LUMPFISH,18,42,1
2009,02,514,050,"TRAWL,OTTER,BOTTOM,FISH",LUMPFISH,18,48,1
2009,04,513,050,"TRAWL,OTTER,BOTTOM,FISH",LUMPFISH,8,42,1
2009,08,511,121,"PURSE SEINE, HERRING",LUMPFISH,0.4,12,1
2010,01,514,050,"TRAWL,OTTER,BOTTOM,FISH",LUMPFISH,3.2,22,1
2011,02,514,050,"TRAWL,OTTER,BOTTOM,FISH",LUMPFISH,3.2,24,1
2011,02,514,050,"TRAWL,OTTER,BOTTOM,FISH",LUMPFISH,3.2,27,1
2014,05,513,050,"TRAWL,OTTER,BOTTOM,FISH",LUMPFISH,3.8,23,1
2014,05,513,050,"TRAWL,OTTER,BOTTOM,FISH",LUMPFISH,3.8,26,1
2014,05,515,050,"TRAWL,OTTER,BOTTOM,FISH",LUMPFISH,2.5,24,1
2017,07,513,050,"TRAWL,OTTER,BOTTOM,FISH",LUMPFISH,0.4,16,1
2017,07,514,050,"TRAWL,OTTER,BOTTOM,FISH",LUMPFISH,2,15,1
2017,07,514,050,"TRAWL,OTTER,BOTTOM,FISH",LUMPFISH,2,23,1
2003,09,521,050,"TRAWL,OTTER,BOTTOM,FISH",LUMPFISH,13,45,1
2004,05,537,100,"GILL NET, FIXED OR ANCHORED,SINK, OTHER/NK SPECIES",LUMPFISH,9,44,1
2004,04,537,100,"GILL NET, FIXED OR ANCHORED,SINK, OTHER/NK SPECIES",LUMPFISH,8,38,1
2004,07,513,050,"TRAWL,OTTER,BOTTOM,FISH",LUMPFISH,5,28,1
2004,07,513,050,"TRAWL,OTTER,BOTTOM,FISH",LUMPFISH,5,33,1
2004,07,513,050,"TRAWL,OTTER,BOTTOM,FISH",LUMPFISH,5,30,1
2004,07,513,370,"TRAWL,OTTER,MIDWATER",LUMPFISH,6,39,1
2004,07,513,370,"TRAWL,OTTER,MIDWATER",LUMPFISH,10,30,1
2004,07,513,370,"TRAWL,OTTER,MIDWATER",LUMPFISH,10,35,1
2004,07,513,100,"GILL NET, FIXED OR ANCHORED,SINK, OTHER/NK SPECIES",LUMPFISH,2.5,28,1
2005,10,513,050,"TRAWL,OTTER,BOTTOM,FISH",LUMPFISH,5,38,1
2005,10,514,050,"TRAWL,OTTER,BOTTOM,FISH",LUMPFISH,8,32,1
2005,10,514,050,"TRAWL,OTTER,BOTTOM,FISH",LUMPFISH,8,37,1
2006,08,513,100,"GILL NET, FIXED OR ANCHORED,SINK, OTHER/NK SPECIES",LUMPFISH,11,46,1
2008,01,526,132,"DREDGE, SCALLOP,SEA",LUMPFISH,8,41,1
2008,08,513,117,"GILL NET,DRIFT-SINK, FISH",LUMPFISH,2.2,27,1
2009,06,513,121,"PURSE SEINE, HERRING",LUMPFISH,0.2,10,1
2008,10,513,100,"GILL NET, FIXED OR ANCHORED,SINK, OTHER/NK SPECIES",LUMPFISH,3,30,1
2020,10,514,050,"TRAWL,OTTER,BOTTOM,FISH",LUMPFISH,5.3,25,1
2020,10,514,050,"TRAWL,OTTER,BOTTOM,FISH",LUMPFISH,5.3,26,1
2020,10,514,050,"TRAWL,OTTER,BOTTOM,FISH",LUMPFISH,5.3,35,1
2020,10,514,050,"TRAWL,OTTER,BOTTOM,FISH",LUMPFISH,5.3,40,1
2005,01,522,050,"TRAWL,OTTER,BOTTOM,FISH",LUMPFISH,12,42,1
2004,12,521,050,"TRAWL,OTTER,BOTTOM,FISH",LUMPFISH,19,57,1
2004,12,521,050,"TRAWL,OTTER,BOTTOM,FISH",LUMPFISH,16,45,1
2004,12,521,050,"TRAWL,OTTER,BOTTOM,FISH",LUMPFISH,45,38,1
2004,12,521,050,"TRAWL,OTTER,BOTTOM,FISH",LUMPFISH,45,47,1
2004,12,521,050,"TRAWL,OTTER,BOTTOM,FISH",LUMPFISH,45,50,1
2004,12,521,050,"TRAWL,OTTER,BOTTOM,FISH",LUMPFISH,45,53,1
2004,10,522,050,"TRAWL,OTTER,BOTTOM,FISH",LUMPFISH,24,24,1
2004,10,522,050,"TRAWL,OTTER,BOTTOM,FISH",LUMPFISH,24,31,1
2004,10,522,050,"TRAWL,OTTER,BOTTOM,FISH",LUMPFISH,24,38,1
2004,10,522,050,"TRAWL,OTTER,BOTTOM,FISH",LUMPFISH,24,39,1
2004,11,522,050,"TRAWL,OTTER,BOTTOM,FISH",LUMPFISH,5,31,1
2005,02,525,050,"TRAWL,OTTER,BOTTOM,FISH",LUMPFISH,9,45,1
2005,02,522,050,"TRAWL,OTTER,BOTTOM,FISH",LUMPFISH,6,42,1
2005,02,521,050,"TRAWL,OTTER,BOTTOM,FISH",LUMPFISH,9,45,1
2005,02,521,050,"TRAWL,OTTER,BOTTOM,FISH",LUMPFISH,23,39,1
2005,02,521,050,"TRAWL,OTTER,BOTTOM,FISH",LUMPFISH,23,41,1
2005,02,521,050,"TRAWL,OTTER,BOTTOM,FISH",LUMPFISH,23,42,1
2005,02,521,050,"TRAWL,OTTER,BOTTOM,FISH",LUMPFISH,8,41,1
2005,02,521,050,"TRAWL,OTTER,BOTTOM,FISH",LUMPFISH,15,42,1
2005,02,521,050,"TRAWL,OTTER,BOTTOM,FISH",LUMPFISH,15,45,1
2005,02,521,050,"TRAWL,OTTER,BOTTOM,FISH",LUMPFISH,67,41,1
2005,02,521,050,"TRAWL,OTTER,BOTTOM,FISH",LUMPFISH,67,42,2
2005,02,521,050,"TRAWL,OTTER,BOTTOM,FISH",LUMPFISH,67,45,3
2005,02,521,050,"TRAWL,OTTER,BOTTOM,FISH",LUMPFISH,67,46,1
2005,02,521,050,"TRAWL,OTTER,BOTTOM,FISH",LUMPFISH,67,49,1
2005,02,522,050,"TRAWL,OTTER,BOTTOM,FISH",LUMPFISH,5,40,1
2005,02,522,050,"TRAWL,OTTER,BOTTOM,FISH",LUMPFISH,50,31,1
2005,02,522,050,"TRAWL,OTTER,BOTTOM,FISH",LUMPFISH,50,34,1
2005,02,522,050,"TRAWL,OTTER,BOTTOM,FISH",LUMPFISH,50,43,1
2005,02,522,050,"TRAWL,OTTER,BOTTOM,FISH",LUMPFISH,50,44,2
2005,02,522,050,"TRAWL,OTTER,BOTTOM,FISH",LUMPFISH,50,45,1
2005,02,522,050,"TRAWL,OTTER,BOTTOM,FISH",LUMPFISH,50,46,1
2005,02,522,050,"TRAWL,OTTER,BOTTOM,FISH",LUMPFISH,12,48,1
2005,02,522,050,"TRAWL,OTTER,BOTTOM,FISH",LUMPFISH,10,44,1
2005,01,522,050,"TRAWL,OTTER,BOTTOM,FISH",LUMPFISH,19,31,2
2005,01,522,050,"TRAWL,OTTER,BOTTOM,FISH",LUMPFISH,19,46,1
2005,01,515,050,"TRAWL,OTTER,BOTTOM,FISH",LUMPFISH,5,24,1
2005,01,515,050,"TRAWL,OTTER,BOTTOM,FISH",LUMPFISH,5,36,1
2005,01,522,050,"TRAWL,OTTER,BOTTOM,FISH",LUMPFISH,7,39,1
2005,01,522,050,"TRAWL,OTTER,BOTTOM,FISH",LUMPFISH,11,47,1
2005,03,522,050,"TRAWL,OTTER,BOTTOM,FISH",LUMPFISH,17,36,1
2005,03,522,050,"TRAWL,OTTER,BOTTOM,FISH",LUMPFISH,17,40,1
2005,03,522,050,"TRAWL,OTTER,BOTTOM,FISH",LUMPFISH,17,42,1
2005,03,522,050,"TRAWL,OTTER,BOTTOM,FISH",LUMPFISH,3,36,1
2005,03,522,050,"TRAWL,OTTER,BOTTOM,FISH",LUMPFISH,4,42,1
2005,03,521,050,"TRAWL,OTTER,BOTTOM,FISH",LUMPFISH,23,42,1
2005,03,521,050,"TRAWL,OTTER,BOTTOM,FISH",LUMPFISH,23,51,1
2005,03,521,050,"TRAWL,OTTER,BOTTOM,FISH",LUMPFISH,1,34,1
2005,03,522,050,"TRAWL,OTTER,BOTTOM,FISH",LUMPFISH,4,32,1
2005,03,521,050,"TRAWL,OTTER,BOTTOM,FISH",LUMPFISH,8,45,1
2005,03,522,050,"TRAWL,OTTER,BOTTOM,FISH",LUMPFISH,7,42,1
2005,03,464,050,"TRAWL,OTTER,BOTTOM,FISH",LUMPFISH,10,47,1
2005,03,522,050,"TRAWL,OTTER,BOTTOM,FISH",LUMPFISH,24,39,1
2005,03,522,050,"TRAWL,OTTER,BOTTOM,FISH",LUMPFISH,24,45,1
2005,03,522,050,"TRAWL,OTTER,BOTTOM,FISH",LUMPFISH,24,47,1
2005,03,464,050,"TRAWL,OTTER,BOTTOM,FISH",LUMPFISH,30,44,1
2005,03,464,050,"TRAWL,OTTER,BOTTOM,FISH",LUMPFISH,30,46,1
2005,03,464,050,"TRAWL,OTTER,BOTTOM,FISH",LUMPFISH,30,48,1
2005,03,521,050,"TRAWL,OTTER,BOTTOM,FISH",LUMPFISH,41,38,2
2005,03,521,050,"TRAWL,OTTER,BOTTOM,FISH",LUMPFISH,41,40,2
2005,03,521,050,"TRAWL,OTTER,BOTTOM,FISH",LUMPFISH,41,41,1
2005,03,521,050,"TRAWL,OTTER,BOTTOM,FISH",LUMPFISH,41,45,1
2005,04,522,050,"TRAWL,OTTER,BOTTOM,FISH",LUMPFISH,4,34,1
2005,05,561,050,"TRAWL,OTTER,BOTTOM,FISH",LUMPFISH,16,52,1
2005,05,522,050,"TRAWL,OTTER,BOTTOM,FISH",LUMPFISH,22,46,1
2005,05,522,050,"TRAWL,OTTER,BOTTOM,FISH",LUMPFISH,22,47,1
2006,01,522,050,"TRAWL,OTTER,BOTTOM,FISH",LUMPFISH,4,33,1
2006,01,521,050,"TRAWL,OTTER,BOTTOM,FISH",LUMPFISH,6,37,1
2005,12,522,050,"TRAWL,OTTER,BOTTOM,FISH",LUMPFISH,4,34,1
2005,12,522,050,"TRAWL,OTTER,BOTTOM,FISH",LUMPFISH,31,32,1
2005,12,522,050,"TRAWL,OTTER,BOTTOM,FISH",LUMPFISH,31,39,1
2005,12,522,050,"TRAWL,OTTER,BOTTOM,FISH",LUMPFISH,31,41,1
2005,12,522,050,"TRAWL,OTTER,BOTTOM,FISH",LUMPFISH,31,42,1
2006,03,522,050,"TRAWL,OTTER,BOTTOM,FISH",LUMPFISH,11,43,1
2006,03,522,050,"TRAWL,OTTER,BOTTOM,FISH",LUMPFISH,8,41,1
2006,03,522,050,"TRAWL,OTTER,BOTTOM,FISH",LUMPFISH,7,43,1
2007,02,525,050,"TRAWL,OTTER,BOTTOM,FISH",LUMPFISH,9,39,1
2007,03,561,050,"TRAWL,OTTER,BOTTOM,FISH",LUMPFISH,6.5,47,1
2008,04,521,050,"TRAWL,OTTER,BOTTOM,FISH",LUMPFISH,10,45,1
2008,04,521,050,"TRAWL,OTTER,BOTTOM,FISH",LUMPFISH,15.5,55,1
2008,10,515,050,"TRAWL,OTTER,BOTTOM,FISH",LUMPFISH,1.5,25,1
2009,04,514,050,"TRAWL,OTTER,BOTTOM,FISH",LUMPFISH,8,19,1
2009,04,514,050,"TRAWL,OTTER,BOTTOM,FISH",LUMPFISH,8,37,1
2010,02,521,050,"TRAWL,OTTER,BOTTOM,FISH",LUMPFISH,8,38,1
2014,03,514,050,"TRAWL,OTTER,BOTTOM,FISH",LUMPFISH,1.5,22,1
2014,03,514,050,"TRAWL,OTTER,BOTTOM,FISH",LUMPFISH,0.8,16,1
2005,03,522,050,"TRAWL,OTTER,BOTTOM,FISH",LUMPFISH,10,46,1
2005,02,522,050,"TRAWL,OTTER,BOTTOM,FISH",LUMPFISH,27,41,1
2005,02,522,050,"TRAWL,OTTER,BOTTOM,FISH",LUMPFISH,27,46,1
2005,02,522,050,"TRAWL,OTTER,BOTTOM,FISH",LUMPFISH,27,47,1
2005,03,521,050,"TRAWL,OTTER,BOTTOM,FISH",LUMPFISH,33,34,1
2005,03,521,050,"TRAWL,OTTER,BOTTOM,FISH",LUMPFISH,33,42,1
2005,03,521,050,"TRAWL,OTTER,BOTTOM,FISH",LUMPFISH,33,47,1
2005,03,521,050,"TRAWL,OTTER,BOTTOM,FISH",LUMPFISH,33,48,1
2005,03,522,050,"TRAWL,OTTER,BOTTOM,FISH",LUMPFISH,9.5,43,1
2005,03,522,050,"TRAWL,OTTER,BOTTOM,FISH",LUMPFISH,35,39,1
2005,03,522,050,"TRAWL,OTTER,BOTTOM,FISH",LUMPFISH,35,42,1
2005,03,522,050,"TRAWL,OTTER,BOTTOM,FISH",LUMPFISH,35,46,1
2005,03,522,050,"TRAWL,OTTER,BOTTOM,FISH",LUMPFISH,35,53,1
2005,02,522,050,"TRAWL,OTTER,BOTTOM,FISH",LUMPFISH,27,36,1
2005,02,522,050,"TRAWL,OTTER,BOTTOM,FISH",LUMPFISH,27,37,1
2005,02,522,050,"TRAWL,OTTER,BOTTOM,FISH",LUMPFISH,27,42,1
2005,02,522,050,"TRAWL,OTTER,BOTTOM,FISH",LUMPFISH,27,43,1
2008,07,515,050,"TRAWL,OTTER,BOTTOM,FISH",LUMPFISH,1.5,26,1
2008,07,515,050,"TRAWL,OTTER,BOTTOM,FISH",LUMPFISH,1.1,21,1
