Season,Year,Tow_Number,Region,Stratum,Common_Name,Length,Unit_of_Length,Frequency,Sex
Fall,2000,22,2,1,Lumpfish,5,CM,1,
Fall,2000,38,3,2,Lumpfish,5,CM,1,
Fall,2000,74,5,2,Lumpfish,11,CM,1,
Fall,2001,21,2,3,Lumpfish,22,CM,0.952380952,
Fall,2001,21,2,3,Lumpfish,21,CM,0.952380952,
Fall,2001,22,2,3,Lumpfish,15,CM,0.952380952,
Fall,2001,33,2,3,Lumpfish,23,CM,0.909090909,
Fall,2001,33,2,3,Lumpfish,25,CM,0.909090909,
Fall,2001,34,2,3,Lumpfish,51,CM,0.952380952,
Fall,2001,39,3,3,Lumpfish,24,CM,1.333333333,
Fall,2001,39,3,3,Lumpfish,12,CM,1.333333333,
Fall,2001,39,3,3,Lumpfish,23,CM,1.333333333,
Fall,2001,53,4,3,Lumpfish,13,CM,1,
Fall,2002,33,3,3,Lumpfish,18,CM,1,
Fall,2002,45,3,3,Lumpfish,22,CM,1,
Fall,2002,45,3,3,Lumpfish,28,CM,1,
Fall,2002,45,3,3,Lumpfish,23,CM,1,
Fall,2002,46,3,3,Lumpfish,17,CM,1.333333333,
Fall,2002,50,4,3,Lumpfish,24,CM,1,
Fall,2002,50,4,3,Lumpfish,17,CM,1,
Fall,2002,72,5,3,Lumpfish,13,CM,0.952380952,
Fall,2002,76,5,2,Lumpfish,6,CM,1,
Fall,2003,7,1,4,Lumpfish,49,CM,1,
Fall,2003,11,1,4,Lumpfish,41,CM,1,
Fall,2003,38,3,4,Lumpfish,32,CM,1,
Fall,2003,38,3,4,Lumpfish,24,CM,1,
Fall,2003,41,3,3,Lumpfish,6,CM,1,
Fall,2003,41,3,3,Lumpfish,25,CM,1,
Fall,2003,43,3,3,Lumpfish,25,CM,1,
Fall,2003,43,3,3,Lumpfish,31,CM,1,
Fall,2003,43,3,3,Lumpfish,20,CM,1,
Fall,2003,46,4,3,Lumpfish,27,CM,1,
Fall,2003,59,4,2,Lumpfish,6,CM,1,
Fall,2003,63,5,4,Lumpfish,29,CM,4,
Fall,2003,63,5,4,Lumpfish,20,CM,1,
Fall,2003,63,5,4,Lumpfish,28,CM,2,
Fall,2003,63,5,4,Lumpfish,30,CM,3,
Fall,2003,63,5,4,Lumpfish,31,CM,2,
Fall,2003,63,5,4,Lumpfish,32,CM,1,
Fall,2003,63,5,4,Lumpfish,34,CM,1,
Fall,2003,63,5,4,Lumpfish,39,CM,1,
Fall,2003,63,5,4,Lumpfish,36,CM,1,
Fall,2003,63,5,4,Lumpfish,37,CM,1,
Fall,2003,63,5,4,Lumpfish,33,CM,2,
Fall,2003,63,5,4,Lumpfish,27,CM,1,
Fall,2004,13,1,4,Lumpfish,25,CM,1,
Fall,2004,13,1,4,Lumpfish,40,CM,1,
Fall,2004,22,2,4,Lumpfish,36,CM,1,
Fall,2004,39,3,3,Lumpfish,5,CM,1,
Fall,2004,40,3,3,Lumpfish,14,CM,1,
Fall,2004,58,4,3,Lumpfish,8,CM,1,
Fall,2004,58,4,3,Lumpfish,28,CM,1,
Fall,2004,59,4,4,Lumpfish,31,CM,1,
Fall,2004,69,4,1,Lumpfish,7,CM,1,
Fall,2004,72,5,3,Lumpfish,18,CM,1,
Fall,2004,72,5,3,Lumpfish,32,CM,1,
Fall,2004,75,5,1,Lumpfish,7,CM,1.333333333,
Fall,2004,79,5,4,Lumpfish,9,CM,1,
Fall,2004,79,5,4,Lumpfish,23,CM,1,
Fall,2004,82,5,2,Lumpfish,29,CM,1,
Fall,2004,84,5,3,Lumpfish,7,CM,1,
Fall,2005,19,2,2,Lumpfish,18,CM,1,
Fall,2005,25,2,2,Lumpfish,22,CM,1,
Fall,2005,37,3,3,Lumpfish,28,CM,1.333333333,
Fall,2005,39,3,3,Lumpfish,15,CM,1.052631579,
Fall,2005,40,4,4,Lumpfish,24,CM,1,
Fall,2005,47,4,3,Lumpfish,35,CM,1,
Fall,2005,52,5,1,Lumpfish,3,CM,1,
Fall,2005,52,5,1,Lumpfish,4,CM,1,
Fall,2005,52,5,1,Lumpfish,5,CM,1,
Fall,2006,7,1,4,Lumpfish,37,CM,1,
Fall,2006,25,2,4,Lumpfish,35,CM,1,
Fall,2006,25,2,4,Lumpfish,27,CM,1,
Fall,2006,31,2,4,Lumpfish,29,CM,1,
Fall,2006,32,2,4,Lumpfish,27,CM,1,
Fall,2006,32,2,4,Lumpfish,28,CM,1,
Fall,2006,32,2,4,Lumpfish,29,CM,1,
Fall,2006,33,2,3,Lumpfish,24,CM,1,
Fall,2006,41,3,3,Lumpfish,20,CM,1,
Fall,2006,46,3,3,Lumpfish,26,CM,1,
Fall,2006,46,3,3,Lumpfish,16,CM,1,
Fall,2006,46,3,3,Lumpfish,28,CM,1,
Fall,2006,46,3,3,Lumpfish,32,CM,1,
Fall,2006,48,3,3,Lumpfish,24,CM,1,
Fall,2006,54,3,3,Lumpfish,23,CM,1,
Fall,2006,54,3,3,Lumpfish,26,CM,1,
Fall,2006,55,3,4,Lumpfish,34,CM,1,
Fall,2006,56,3,4,Lumpfish,29,CM,1,
Fall,2006,56,3,4,Lumpfish,36,CM,1,
Fall,2006,64,4,3,Lumpfish,18,CM,1,
Fall,2006,64,4,3,Lumpfish,20,CM,2,
Fall,2006,66,4,4,Lumpfish,29,CM,1,
Fall,2006,66,4,4,Lumpfish,17,CM,1,
Fall,2006,66,4,4,Lumpfish,27,CM,1,
Fall,2006,66,4,4,Lumpfish,34,CM,1,
Fall,2006,72,4,3,Lumpfish,33,CM,1,
Fall,2006,72,4,3,Lumpfish,16,CM,1,
Fall,2006,72,4,3,Lumpfish,21,CM,1,
Fall,2006,72,4,3,Lumpfish,24,CM,1,
Fall,2006,80,5,1,Lumpfish,6,CM,1,
Fall,2007,14,1,4,Lumpfish,34,CM,1,
Fall,2007,15,1,4,Lumpfish,34,CM,1.176470588,
Fall,2007,17,1,3,Lumpfish,37,CM,1.052631579,
Fall,2007,24,2,3,Lumpfish,41,CM,1.052631579,
Fall,2007,24,2,3,Lumpfish,30,CM,2.105263158,
Fall,2007,24,2,3,Lumpfish,34,CM,2.105263158,
Fall,2007,24,2,3,Lumpfish,31,CM,1.052631579,
Fall,2007,24,2,3,Lumpfish,24,CM,1.052631579,
Fall,2007,24,2,3,Lumpfish,25,CM,1.052631579,
Fall,2007,26,2,4,Lumpfish,28,CM,1,
Fall,2007,26,2,4,Lumpfish,20,CM,1,
Fall,2007,26,2,4,Lumpfish,30,CM,1,
Fall,2007,26,2,4,Lumpfish,27,CM,1,
Fall,2007,27,2,4,Lumpfish,30,CM,1,
Fall,2007,27,2,4,Lumpfish,27,CM,2,
Fall,2007,27,2,4,Lumpfish,35,CM,1,
Fall,2007,27,2,4,Lumpfish,18,CM,1,
Fall,2007,27,2,4,Lumpfish,22,CM,1,
Fall,2007,27,2,4,Lumpfish,32,CM,1,
Fall,2007,28,2,3,Lumpfish,35,CM,1,
Fall,2007,28,2,3,Lumpfish,23,CM,1,
Fall,2007,28,2,3,Lumpfish,22,CM,3,
Fall,2007,28,2,3,Lumpfish,21,CM,1,
Fall,2007,28,2,3,Lumpfish,16,CM,1,
Fall,2007,28,2,3,Lumpfish,18,CM,1,
Fall,2007,29,2,3,Lumpfish,20,CM,1,
Fall,2007,30,2,3,Lumpfish,24,CM,1,
Fall,2007,30,2,3,Lumpfish,29,CM,1,
Fall,2007,30,2,3,Lumpfish,23,CM,1,
Fall,2007,30,2,3,Lumpfish,22,CM,1,
Fall,2007,30,2,3,Lumpfish,18,CM,1,
Fall,2007,30,2,3,Lumpfish,19,CM,2,
Fall,2007,33,2,1,Lumpfish,5,CM,1.333333333,
Fall,2007,42,3,3,Lumpfish,16,CM,1.333333333,
Fall,2007,43,3,4,Lumpfish,24,CM,2,
Fall,2007,43,3,4,Lumpfish,34,CM,2,
Fall,2007,43,3,4,Lumpfish,40,CM,1,
Fall,2007,45,3,4,Lumpfish,28,CM,1,
Fall,2007,45,3,4,Lumpfish,41,CM,1,
Fall,2007,50,3,3,Lumpfish,39,CM,1,
Fall,2007,52,3,3,Lumpfish,18,CM,1,
Fall,2007,52,3,3,Lumpfish,20,CM,1,
Fall,2007,52,3,3,Lumpfish,16,CM,1,
Fall,2007,58,4,3,Lumpfish,15,CM,1.25,
Fall,2007,58,4,3,Lumpfish,22,CM,1.25,
Fall,2007,76,5,2,Lumpfish,18,CM,1,
Fall,2007,84,5,3,Lumpfish,3,CM,1,
Fall,2008,6,1,4,Lumpfish,26,CM,1,
Fall,2008,7,1,3,Lumpfish,26,CM,1,
Fall,2008,18,2,1,Lumpfish,16,CM,1.428571429,
Fall,2008,21,2,4,Lumpfish,34,CM,1,
Fall,2008,22,2,4,Lumpfish,28,CM,1,
Fall,2008,23,2,4,Lumpfish,39,CM,1,
Fall,2008,23,2,4,Lumpfish,34,CM,1,
Fall,2008,23,2,4,Lumpfish,26,CM,1,
Fall,2008,23,2,4,Lumpfish,16,CM,2,
Fall,2008,24,2,3,Lumpfish,13,CM,1,
Fall,2008,29,2,2,Lumpfish,16,CM,1.333333333,
Fall,2008,31,2,3,Lumpfish,17,CM,1,
Fall,2008,31,2,3,Lumpfish,28,CM,2,
Fall,2008,31,2,3,Lumpfish,25,CM,2,
Fall,2008,31,2,3,Lumpfish,26,CM,2,
Fall,2008,31,2,3,Lumpfish,30,CM,1,
Fall,2008,31,2,3,Lumpfish,29,CM,1,
Fall,2008,31,2,3,Lumpfish,23,CM,1,
Fall,2008,31,2,3,Lumpfish,22,CM,2,
Fall,2008,31,2,3,Lumpfish,15,CM,1,
Fall,2008,33,2,3,Lumpfish,22,CM,1,
Fall,2008,33,2,3,Lumpfish,17,CM,1,
Fall,2008,34,2,3,Lumpfish,18,CM,1,
Fall,2008,34,2,3,Lumpfish,20,CM,2,
Fall,2008,35,3,3,Lumpfish,29,CM,1,
Fall,2008,41,3,2,Lumpfish,31,CM,1,
Fall,2008,42,3,4,Lumpfish,29,CM,2,
Fall,2008,42,3,4,Lumpfish,31,CM,1,
Fall,2008,43,3,4,Lumpfish,18,CM,1,
Fall,2008,45,3,3,Lumpfish,17,CM,1,
Fall,2008,45,3,3,Lumpfish,26,CM,1,
Fall,2008,45,3,3,Lumpfish,16,CM,1,
Fall,2008,46,3,3,Lumpfish,23,CM,1.25,
Fall,2008,56,4,3,Lumpfish,14,CM,1,
Fall,2008,56,4,3,Lumpfish,12,CM,1,
Fall,2008,69,5,4,Lumpfish,31,CM,1,
Fall,2008,69,5,4,Lumpfish,33,CM,1,
Fall,2008,69,5,4,Lumpfish,39,CM,1,
Fall,2008,69,5,4,Lumpfish,27,CM,1,
Fall,2008,73,5,3,Lumpfish,4,CM,1,
Fall,2008,74,5,3,Lumpfish,5,CM,1,
Fall,2008,75,5,1,Lumpfish,4,CM,5,
Fall,2008,75,5,1,Lumpfish,6,CM,2.5,
Fall,2009,12,1,4,Lumpfish,29,CM,1,
Fall,2009,13,1,4,Lumpfish,31,CM,1,
Fall,2009,13,1,4,Lumpfish,23,CM,1,
Fall,2009,13,1,4,Lumpfish,30,CM,1,
Fall,2009,23,2,3,Lumpfish,24,CM,1.176470588,
Fall,2009,23,2,3,Lumpfish,13,CM,1.176470588,
Fall,2009,23,2,3,Lumpfish,23,CM,1.176470588,
Fall,2009,23,2,3,Lumpfish,15,CM,1.176470588,
Fall,2009,25,2,3,Lumpfish,27,CM,1,
Fall,2009,25,2,3,Lumpfish,25,CM,1,
Fall,2009,25,2,3,Lumpfish,14,CM,1,
Fall,2009,25,2,3,Lumpfish,32,CM,1,
Fall,2009,25,2,3,Lumpfish,29,CM,1,
Fall,2009,25,2,3,Lumpfish,13,CM,1,
Fall,2009,33,2,3,Lumpfish,20,CM,1,
Fall,2009,35,2,3,Lumpfish,27,CM,4,
Fall,2009,35,2,3,Lumpfish,25,CM,1,
Fall,2009,35,2,3,Lumpfish,24,CM,1,
Fall,2009,35,2,3,Lumpfish,26,CM,2,
Fall,2009,35,2,3,Lumpfish,32,CM,3,
Fall,2009,35,2,3,Lumpfish,21,CM,2,
Fall,2009,35,2,3,Lumpfish,17,CM,1,
Fall,2009,35,2,3,Lumpfish,39,CM,1,
Fall,2009,35,2,3,Lumpfish,28,CM,5,
Fall,2009,35,2,3,Lumpfish,30,CM,1,
Fall,2009,35,2,3,Lumpfish,22,CM,2,
Fall,2009,35,2,3,Lumpfish,29,CM,2,
Fall,2009,35,2,3,Lumpfish,18,CM,1,
Fall,2009,35,2,3,Lumpfish,23,CM,2,
Fall,2009,36,2,3,Lumpfish,20,CM,1,
Fall,2009,36,2,3,Lumpfish,17,CM,1,
Fall,2009,36,2,3,Lumpfish,16,CM,1,
Fall,2009,36,2,3,Lumpfish,19,CM,1,
Fall,2009,38,2,4,Lumpfish,30,CM,1,
Fall,2009,38,2,4,Lumpfish,27,CM,2,
Fall,2009,38,2,4,Lumpfish,21,CM,1,
Fall,2009,39,2,4,Lumpfish,28,CM,1,
Fall,2009,40,3,3,Lumpfish,31,CM,1,
Fall,2009,40,3,3,Lumpfish,14,CM,1,
Fall,2009,41,3,3,Lumpfish,17,CM,1,
Fall,2009,41,3,3,Lumpfish,26,CM,1,
Fall,2009,50,3,3,Lumpfish,19,CM,2,
Fall,2009,50,3,3,Lumpfish,28,CM,1,
Fall,2009,51,3,4,Lumpfish,24,CM,1,
Fall,2009,51,3,4,Lumpfish,23,CM,1,
Fall,2009,51,3,4,Lumpfish,15,CM,1,
Fall,2009,52,3,4,Lumpfish,14,CM,1,
Fall,2009,53,3,4,Lumpfish,23,CM,1,
Fall,2009,53,3,4,Lumpfish,30,CM,1,
Fall,2009,80,5,2,Lumpfish,30,CM,1.111111111,
Fall,2009,81,5,4,Lumpfish,29,CM,1,
Fall,2009,81,5,4,Lumpfish,28,CM,1,
Fall,2009,82,5,4,Lumpfish,31,CM,1,
Fall,2009,82,5,4,Lumpfish,27,CM,1,
Fall,2009,90,5,2,Lumpfish,7,CM,1.25,
Fall,2010,6,1,3,Lumpfish,24,CM,1,
Fall,2010,6,1,3,Lumpfish,29,CM,1,
Fall,2010,6,1,3,Lumpfish,30,CM,1,
Fall,2010,9,1,3,Lumpfish,23,CM,1,
Fall,2010,19,2,4,Lumpfish,26,CM,1,
Fall,2010,20,2,3,Lumpfish,21,CM,1,
Fall,2010,20,2,3,Lumpfish,18,CM,1,
Fall,2010,29,2,1,Lumpfish,7,CM,1,
Fall,2010,38,2,4,Lumpfish,22,CM,1,
Fall,2010,38,2,4,Lumpfish,23,CM,1,
Fall,2010,49,3,4,Lumpfish,5,CM,1,
Fall,2010,53,3,4,Lumpfish,23,CM,2,
Fall,2010,53,3,4,Lumpfish,15,CM,1,
Fall,2010,53,3,4,Lumpfish,22,CM,1,
Fall,2010,53,3,4,Lumpfish,21,CM,1,
Fall,2010,53,3,4,Lumpfish,18,CM,1,
Fall,2010,53,3,4,Lumpfish,25,CM,1,
Fall,2010,54,3,4,Lumpfish,14,CM,1,
Fall,2010,54,3,4,Lumpfish,23,CM,1,
Fall,2010,55,3,3,Lumpfish,19,CM,1,
Fall,2010,58,4,4,Lumpfish,20,CM,1,
Fall,2010,58,4,4,Lumpfish,16,CM,1,
Fall,2010,58,4,4,Lumpfish,23,CM,1,
Fall,2010,60,4,4,Lumpfish,14,CM,1,
Fall,2010,65,4,3,Lumpfish,22,CM,1.428571429,
Fall,2010,74,5,4,Lumpfish,30,CM,1,
Fall,2010,75,5,1,Lumpfish,5,CM,1,
Fall,2010,75,5,1,Lumpfish,4,CM,1,
Fall,2011,7,1,4,Lumpfish,26,CM,1,
Fall,2011,14,1,4,Lumpfish,28,CM,1,
Fall,2011,14,1,4,Lumpfish,30,CM,1,
Fall,2011,15,1,4,Lumpfish,30,CM,1,
Fall,2011,18,1,3,Lumpfish,19,CM,1,
Fall,2011,31,2,4,Lumpfish,26,CM,1,
Fall,2011,32,2,4,Lumpfish,26,CM,1.176470588,
Fall,2011,32,2,4,Lumpfish,31,CM,1.176470588,
Fall,2011,39,3,2,Lumpfish,19,CM,1,
Fall,2011,49,3,4,Lumpfish,19,CM,1,
Fall,2011,49,3,4,Lumpfish,23,CM,1,
Fall,2011,50,3,4,Lumpfish,15,CM,1.333333333,
Fall,2011,53,4,3,Lumpfish,5,CM,1,
Fall,2011,54,4,3,Lumpfish,16,CM,1.25,
Fall,2011,59,4,4,Lumpfish,21,CM,1,
Fall,2011,74,5,1,Lumpfish,5,CM,1,
Fall,2012,5,1,3,Lumpfish,21,CM,1,
Fall,2012,5,1,3,Lumpfish,24,CM,1,
Fall,2012,5,1,3,Lumpfish,25,CM,1,
Fall,2012,5,1,3,Lumpfish,29,CM,1,
Fall,2012,12,1,4,Lumpfish,23,CM,1,
Fall,2012,16,1,3,Lumpfish,21,CM,1.25,
Fall,2012,21,1,3,Lumpfish,20,CM,3,
Fall,2012,21,1,3,Lumpfish,25,CM,1,
Fall,2012,21,1,3,Lumpfish,19,CM,1,
Fall,2012,22,1,3,Lumpfish,21,CM,1.25,
Fall,2012,22,1,3,Lumpfish,20,CM,1.25,
Fall,2012,22,1,3,Lumpfish,23,CM,1.25,
Fall,2012,24,2,4,Lumpfish,20,CM,0.952380952,
Fall,2012,24,2,4,Lumpfish,28,CM,0.952380952,
Fall,2012,25,2,3,Lumpfish,20,CM,1.333333333,
Fall,2012,25,2,3,Lumpfish,17,CM,1.333333333,
Fall,2012,31,2,4,Lumpfish,19,CM,1,
Fall,2012,31,2,4,Lumpfish,18,CM,3,
Fall,2012,32,2,3,Lumpfish,17,CM,2.222222222,
Fall,2012,32,2,3,Lumpfish,23,CM,1.111111111,
Fall,2012,38,2,4,Lumpfish,26,CM,1.333333333,
Fall,2013,5,1,3,Lumpfish,32,CM,1,
Fall,2013,5,1,3,Lumpfish,28,CM,2,
Fall,2013,7,1,3,Lumpfish,19,CM,1,
Fall,2013,13,1,3,Lumpfish,21,CM,1,
Fall,2013,15,1,4,Lumpfish,25,CM,1,
Fall,2013,15,1,4,Lumpfish,19,CM,1,
Fall,2013,15,1,4,Lumpfish,20,CM,1,
Fall,2013,18,1,4,Lumpfish,19,CM,1,
Fall,2013,24,2,3,Lumpfish,29,CM,1,
Fall,2013,24,2,3,Lumpfish,22,CM,1,
Fall,2013,24,2,3,Lumpfish,21,CM,2,
Fall,2013,24,2,3,Lumpfish,24,CM,1,
Fall,2013,24,2,3,Lumpfish,20,CM,2,
Fall,2013,24,2,3,Lumpfish,18,CM,1,
Fall,2013,24,2,3,Lumpfish,25,CM,1,
Fall,2013,27,2,4,Lumpfish,21,CM,1,
Fall,2013,27,2,4,Lumpfish,23,CM,1,
Fall,2013,27,2,4,Lumpfish,29,CM,1,
Fall,2013,28,2,4,Lumpfish,23,CM,1.052631579,
Fall,2013,29,2,3,Lumpfish,23,CM,1,
Fall,2013,29,2,3,Lumpfish,21,CM,1,
Fall,2013,29,2,3,Lumpfish,18,CM,1,
Fall,2013,39,2,4,Lumpfish,29,CM,1,
Fall,2013,41,2,3,Lumpfish,32,CM,1.052631579,
Fall,2013,42,2,3,Lumpfish,18,CM,1,
Fall,2013,45,2,2,Lumpfish,21,CM,1.052631579,
Fall,2013,45,2,2,Lumpfish,23,CM,1.052631579,
Fall,2013,45,2,2,Lumpfish,22,CM,1.052631579,
Fall,2013,47,3,3,Lumpfish,25,CM,1.176470588,
Fall,2013,56,3,4,Lumpfish,33,CM,1,
Fall,2013,59,3,4,Lumpfish,19,CM,1.111111111,
Fall,2013,59,3,4,Lumpfish,30,CM,1.111111111,
Fall,2013,61,3,3,Lumpfish,24,CM,1,
Fall,2013,61,3,3,Lumpfish,23,CM,1,
Fall,2013,63,3,4,Lumpfish,3,CM,1.25,
Fall,2013,63,3,4,Lumpfish,4,CM,1.25,
Fall,2013,69,4,3,Lumpfish,23,CM,1,
Fall,2013,87,5,4,Lumpfish,21,CM,1,
Fall,2014,6,1,4,Lumpfish,22,CM,1,
Fall,2014,6,1,4,Lumpfish,21,CM,1,
Fall,2014,7,1,3,Lumpfish,29,CM,1,
Fall,2014,7,1,3,Lumpfish,24,CM,1,
Fall,2014,8,1,4,Lumpfish,18,CM,2,
Fall,2014,8,1,4,Lumpfish,17,CM,1,
Fall,2014,8,1,4,Lumpfish,20,CM,1,
Fall,2014,15,1,4,Lumpfish,30,CM,1,
Fall,2014,16,1,4,Lumpfish,21,CM,2,
Fall,2014,16,1,4,Lumpfish,23,CM,1,
Fall,2014,17,1,4,Lumpfish,28,CM,1,
Fall,2014,18,1,4,Lumpfish,23,CM,1,
Fall,2014,18,1,4,Lumpfish,22,CM,1,
Fall,2014,18,1,4,Lumpfish,27,CM,1,
Fall,2014,18,1,4,Lumpfish,19,CM,1,
Fall,2014,29,2,4,Lumpfish,23,CM,1,
Fall,2014,30,2,4,Lumpfish,19,CM,1,
Fall,2014,30,2,4,Lumpfish,20,CM,1,
Fall,2014,32,2,3,Lumpfish,20,CM,1.333333333,
Fall,2014,32,2,3,Lumpfish,21,CM,1.333333333,
Fall,2014,33,2,3,Lumpfish,21,CM,1,
Fall,2014,37,2,4,Lumpfish,21,CM,1,
Fall,2014,37,2,4,Lumpfish,25,CM,1,
Fall,2014,38,2,3,Lumpfish,18,CM,1,
Fall,2014,38,2,3,Lumpfish,20,CM,1,
Fall,2014,38,2,3,Lumpfish,22,CM,3,
Fall,2014,38,2,3,Lumpfish,24,CM,1,
Fall,2014,38,2,3,Lumpfish,19,CM,1,
Fall,2014,39,2,3,Lumpfish,19,CM,1.25,
Fall,2014,39,2,3,Lumpfish,22,CM,1.25,
Fall,2014,40,2,2,Lumpfish,17,CM,1,
Fall,2014,40,2,2,Lumpfish,22,CM,2,
Fall,2014,40,2,2,Lumpfish,24,CM,1,
Fall,2014,41,3,3,Lumpfish,18,CM,1.052631579,
Fall,2014,41,3,3,Lumpfish,28,CM,1.052631579,
Fall,2014,43,3,3,Lumpfish,22,CM,1.052631579,
Fall,2014,43,3,3,Lumpfish,17,CM,1.052631579,
Fall,2014,43,3,3,Lumpfish,18,CM,1.052631579,
Fall,2014,43,3,3,Lumpfish,24,CM,1.052631579,
Fall,2014,50,3,3,Lumpfish,20,CM,1.052631579,
Fall,2014,50,3,3,Lumpfish,18,CM,1.052631579,
Fall,2014,51,3,4,Lumpfish,30,CM,1,
Fall,2014,67,4,3,Lumpfish,4,CM,1.333333333,
Fall,2015,1,1,3,Lumpfish,19,CM,2,
Fall,2015,1,1,3,Lumpfish,24,CM,1,
Fall,2015,1,1,3,Lumpfish,20,CM,1,
Fall,2015,1,1,3,Lumpfish,31,CM,1,
Fall,2015,1,1,3,Lumpfish,22,CM,1,
Fall,2015,1,1,3,Lumpfish,15,CM,1,
Fall,2015,2,1,3,Lumpfish,16,CM,1,
Fall,2015,2,1,3,Lumpfish,21,CM,1,
Fall,2015,7,1,3,Lumpfish,14,CM,2.5,
Fall,2015,7,1,3,Lumpfish,23,CM,1.25,
Fall,2015,7,1,3,Lumpfish,21,CM,1.25,
Fall,2015,7,1,3,Lumpfish,19,CM,1.25,
Fall,2015,7,1,3,Lumpfish,16,CM,1.25,
Fall,2015,7,1,3,Lumpfish,15,CM,1.25,
Fall,2015,7,1,3,Lumpfish,18,CM,2.5,
Fall,2015,8,1,3,Lumpfish,16,CM,1,
Fall,2015,8,1,3,Lumpfish,19,CM,1,
Fall,2015,8,1,3,Lumpfish,20,CM,1,
Fall,2015,8,1,3,Lumpfish,18,CM,1,
Fall,2015,8,1,3,Lumpfish,15,CM,1,
Fall,2015,9,1,4,Lumpfish,22,CM,1,
Fall,2015,9,1,4,Lumpfish,17,CM,1,
Fall,2015,9,1,4,Lumpfish,16,CM,1,
Fall,2015,9,1,4,Lumpfish,18,CM,1,
Fall,2015,10,1,4,Lumpfish,17,CM,1,
Fall,2015,10,1,4,Lumpfish,19,CM,1,
Fall,2015,10,1,4,Lumpfish,23,CM,1,
Fall,2015,10,1,4,Lumpfish,27,CM,1,
Fall,2015,10,1,4,Lumpfish,21,CM,1,
Fall,2015,11,1,3,Lumpfish,20,CM,1,
Fall,2015,11,1,3,Lumpfish,19,CM,2,
Fall,2015,13,1,3,Lumpfish,26,CM,1.052631579,
Fall,2015,13,1,3,Lumpfish,22,CM,1.052631579,
Fall,2015,13,1,3,Lumpfish,19,CM,1.052631579,
Fall,2015,13,1,3,Lumpfish,18,CM,1.052631579,
Fall,2015,15,1,4,Lumpfish,16,CM,1,
Fall,2015,16,1,4,Lumpfish,22,CM,1,
Fall,2015,22,2,4,Lumpfish,6,CM,1,
Fall,2015,23,2,4,Lumpfish,17,CM,2,
Fall,2015,23,2,4,Lumpfish,24,CM,1,
Fall,2015,23,2,4,Lumpfish,22,CM,1,
Fall,2015,23,2,4,Lumpfish,19,CM,1,
Fall,2015,24,2,3,Lumpfish,20,CM,1.25,
Fall,2015,26,2,4,Lumpfish,14,CM,1,
Fall,2015,26,2,4,Lumpfish,28,CM,1,
Fall,2015,27,2,4,Lumpfish,16,CM,1,Female
Fall,2015,28,2,4,Lumpfish,28,CM,1,
Fall,2015,32,2,2,Lumpfish,14,CM,1.052631579,
Fall,2015,34,2,3,Lumpfish,16,CM,1,
Fall,2015,35,2,3,Lumpfish,16,CM,1,
Fall,2015,37,3,3,Lumpfish,22,CM,1,
Fall,2015,38,3,3,Lumpfish,20,CM,1,
Fall,2015,46,3,4,Lumpfish,21,CM,1,
Fall,2015,47,3,4,Lumpfish,23,CM,1,
Fall,2015,50,3,3,Lumpfish,23,CM,1.333333333,
Fall,2015,50,3,3,Lumpfish,18,CM,1.333333333,
Fall,2015,56,4,4,Lumpfish,29,CM,1,
Fall,2015,61,4,4,Lumpfish,29,CM,1,
Fall,2015,62,4,3,Lumpfish,17,CM,1,
Fall,2015,64,4,3,Lumpfish,21,CM,1,
Fall,2015,70,5,3,Lumpfish,18,CM,2,
Fall,2015,70,5,3,Lumpfish,23,CM,1,
Fall,2015,73,5,3,Lumpfish,20,CM,1.538461538,
Fall,2015,80,5,2,Lumpfish,19,CM,1.818181818,
Fall,2016,11,1,4,Lumpfish,22,CM,2,
Fall,2016,11,1,4,Lumpfish,20,CM,1,
Fall,2016,13,1,4,Lumpfish,6,CM,1,
Fall,2016,17,1,3,Lumpfish,22,CM,1,
Fall,2016,17,1,3,Lumpfish,15,CM,1,
Fall,2016,18,1,3,Lumpfish,18,CM,1.111111111,
Fall,2016,18,1,3,Lumpfish,19,CM,1.111111111,
Fall,2016,42,3,2,Lumpfish,15,CM,2,
Fall,2016,42,3,2,Lumpfish,16,CM,2,
Fall,2016,48,3,4,Lumpfish,8,CM,1,
Fall,2016,50,3,4,Lumpfish,21,CM,1,
Fall,2016,52,3,3,Lumpfish,15,CM,1.111111111,
Fall,2016,52,3,3,Lumpfish,19,CM,1.111111111,
Fall,2016,52,3,3,Lumpfish,17,CM,1.111111111,
Fall,2016,53,3,3,Lumpfish,23,CM,1.25,
Fall,2016,54,3,3,Lumpfish,18,CM,1.176470588,
Fall,2016,59,4,3,Lumpfish,16,CM,1,
Fall,2016,59,4,3,Lumpfish,17,CM,1,
Fall,2016,64,4,3,Lumpfish,19,CM,1.333333333,
Fall,2016,65,4,4,Lumpfish,18,CM,1,
Fall,2016,65,4,4,Lumpfish,22,CM,1,
Fall,2016,67,4,3,Lumpfish,19,CM,1,
Fall,2016,68,4,3,Lumpfish,10,CM,1.538461538,
Fall,2016,70,4,2,Lumpfish,25,CM,1,
Fall,2016,70,4,2,Lumpfish,19,CM,1,
Fall,2016,70,4,2,Lumpfish,18,CM,1,
Fall,2016,73,5,2,Lumpfish,19,CM,1,
Fall,2016,76,5,2,Lumpfish,16,CM,1,
Fall,2016,77,5,1,Lumpfish,6,CM,1,
Fall,2016,77,5,1,Lumpfish,5,CM,2,
Fall,2016,77,5,1,Lumpfish,7,CM,1,
Fall,2016,77,5,1,Lumpfish,4,CM,3,
Fall,2016,77,5,1,Lumpfish,3,CM,1,
Fall,2016,83,5,1,Lumpfish,4,CM,1.052631579,
Fall,2016,83,5,1,Lumpfish,5,CM,1.052631579,
Fall,2017,1,1,3,Lumpfish,31,CM,1,
Fall,2017,1,1,3,Lumpfish,24,CM,1,
Fall,2017,1,1,3,Lumpfish,22,CM,1,
Fall,2017,1,1,3,Lumpfish,20,CM,1,
Fall,2017,3,1,3,Lumpfish,14,CM,1,
Fall,2017,3,1,3,Lumpfish,22,CM,1,
Fall,2017,7,1,2,Lumpfish,16,CM,2.222222222,
Fall,2017,7,1,2,Lumpfish,19,CM,2.222222222,
Fall,2017,7,1,2,Lumpfish,17,CM,1.111111111,
Fall,2017,8,1,3,Lumpfish,17,CM,1.428571429,
Fall,2017,8,1,3,Lumpfish,18,CM,1.428571429,
Fall,2017,8,1,3,Lumpfish,16,CM,1.428571429,
Fall,2017,9,1,3,Lumpfish,17,CM,1.333333333,
Fall,2017,9,1,3,Lumpfish,16,CM,1.333333333,
Fall,2017,11,1,4,Lumpfish,18,CM,1,
Fall,2017,11,1,4,Lumpfish,19,CM,1,
Fall,2017,11,1,4,Lumpfish,20,CM,1,
Fall,2017,11,1,4,Lumpfish,24,CM,1,
Fall,2017,17,1,4,Lumpfish,26,CM,1,
Fall,2017,17,1,4,Lumpfish,22,CM,1,
Fall,2017,17,1,4,Lumpfish,19,CM,1,
Fall,2017,18,1,4,Lumpfish,22,CM,1,
Fall,2017,18,1,4,Lumpfish,20,CM,1,
Fall,2017,19,1,4,Lumpfish,29,CM,1,
Fall,2017,19,1,4,Lumpfish,27,CM,1,
Fall,2017,20,1,4,Lumpfish,23,CM,1,
Fall,2017,22,1,3,Lumpfish,17,CM,1,
Fall,2017,22,1,3,Lumpfish,16,CM,3,
Fall,2017,22,1,3,Lumpfish,20,CM,1,
Fall,2017,23,1,3,Lumpfish,17,CM,1,
Fall,2017,23,1,3,Lumpfish,14,CM,1,
Fall,2017,23,1,3,Lumpfish,24,CM,1,
Fall,2017,23,1,3,Lumpfish,16,CM,1,
Fall,2017,23,1,3,Lumpfish,21,CM,1,
Fall,2017,27,2,4,Lumpfish,25,CM,1,
Fall,2017,27,2,4,Lumpfish,22,CM,1,
Fall,2017,27,2,4,Lumpfish,31,CM,1,
Fall,2017,27,2,4,Lumpfish,21,CM,1,
Fall,2017,28,2,4,Lumpfish,22,CM,1,
Fall,2017,29,2,4,Lumpfish,19,CM,1.25,
Fall,2017,29,2,4,Lumpfish,21,CM,2.5,
Fall,2017,29,2,4,Lumpfish,27,CM,1.25,
Fall,2017,37,2,4,Lumpfish,21,CM,1,
Fall,2017,37,2,4,Lumpfish,19,CM,1,
Fall,2017,37,2,4,Lumpfish,28,CM,1,
Fall,2017,38,2,4,Lumpfish,26,CM,1,
Fall,2017,38,2,4,Lumpfish,22,CM,1,
Fall,2017,38,2,4,Lumpfish,18,CM,1,
Fall,2017,38,2,4,Lumpfish,19,CM,1,
Fall,2017,38,2,4,Lumpfish,23,CM,1,
Fall,2017,38,2,4,Lumpfish,16,CM,1,
Fall,2017,39,2,3,Lumpfish,19,CM,1.052631579,
Fall,2017,39,2,3,Lumpfish,14,CM,1.052631579,
Fall,2017,39,2,3,Lumpfish,18,CM,1.052631579,
Fall,2017,42,2,4,Lumpfish,41,CM,1,
Fall,2017,43,2,3,Lumpfish,23,CM,1,
Fall,2017,44,2,3,Lumpfish,18,CM,1,
Fall,2017,44,2,3,Lumpfish,20,CM,1,
Fall,2017,45,2,3,Lumpfish,18,CM,1,
Fall,2017,45,2,3,Lumpfish,15,CM,1,
Fall,2017,45,2,3,Lumpfish,17,CM,1,
Fall,2017,45,2,3,Lumpfish,23,CM,1,
Fall,2017,47,2,3,Lumpfish,20,CM,2,
Fall,2017,47,2,3,Lumpfish,24,CM,1,
Fall,2017,47,2,3,Lumpfish,18,CM,2,
Fall,2017,49,3,3,Lumpfish,17,CM,1,
Fall,2017,50,3,3,Lumpfish,21,CM,1,
Fall,2017,59,3,4,Lumpfish,21,CM,1,
Fall,2017,67,4,4,Lumpfish,22,CM,1,
Fall,2017,69,4,3,Lumpfish,20,CM,1.333333333,
Fall,2017,85,5,2,Lumpfish,6,CM,1,
Fall,2017,87,5,3,Lumpfish,6,CM,1.25,
Fall,2018,1,1,3,Lumpfish,21,CM,1,
Fall,2018,1,1,3,Lumpfish,17,CM,1,
Fall,2018,6,1,3,Lumpfish,22,CM,1,
Fall,2018,7,1,4,Lumpfish,29,CM,1,
Fall,2018,8,1,3,Lumpfish,18,CM,1,
Fall,2018,9,1,3,Lumpfish,18,CM,1,
Fall,2018,14,1,4,Lumpfish,25,CM,0.909090909,
Fall,2018,14,1,4,Lumpfish,40,CM,0.909090909,
Fall,2018,22,1,2,Lumpfish,15,CM,1.176470588,
Fall,2018,23,1,3,Lumpfish,19,CM,1.052631579,
Fall,2018,23,1,3,Lumpfish,14,CM,1.052631579,
Fall,2018,23,1,3,Lumpfish,18,CM,1.052631579,
Fall,2018,30,2,4,Lumpfish,20,CM,1,
Fall,2018,33,2,3,Lumpfish,16,CM,1,
Fall,2018,36,2,4,Lumpfish,3,CM,2,
Fall,2018,39,2,4,Lumpfish,24,CM,1,
Fall,2018,39,2,4,Lumpfish,19,CM,1,
Fall,2018,39,2,4,Lumpfish,17,CM,1,
Fall,2018,89,5,4,Lumpfish,21,CM,1,
Fall,2018,89,5,4,Lumpfish,6,CM,1,
Fall,2018,96,5,1,Lumpfish,6,CM,1,
Fall,2019,1,1,3,Lumpfish,15,CM,1,
Fall,2019,7,1,3,Lumpfish,17,CM,1,
Fall,2019,7,1,3,Lumpfish,21,CM,1,
Fall,2019,8,1,3,Lumpfish,14,CM,1,
Fall,2019,8,1,3,Lumpfish,17,CM,1,
Fall,2019,8,1,3,Lumpfish,21,CM,1,
Fall,2019,9,1,2,Lumpfish,16,CM,1.052631579,
Fall,2019,9,1,2,Lumpfish,14,CM,1.052631579,
Fall,2019,12,1,2,Lumpfish,16,CM,1,
Fall,2019,12,1,2,Lumpfish,13,CM,1,
Fall,2019,12,1,2,Lumpfish,17,CM,1,
Fall,2019,12,1,2,Lumpfish,15,CM,2,
Fall,2019,17,1,4,Lumpfish,19,CM,1,
Fall,2019,21,1,2,Lumpfish,17,CM,2,
Fall,2019,29,2,4,Lumpfish,24,CM,1.052631579,
Fall,2019,30,2,4,Lumpfish,26,CM,1,
Fall,2019,31,2,3,Lumpfish,15,CM,1.333333333,
Fall,2019,34,2,3,Lumpfish,17,CM,1.052631579,
Fall,2019,51,3,4,Lumpfish,18,CM,0.952380952,
Fall,2019,52,3,4,Lumpfish,15,CM,1,
Fall,2019,52,3,4,Lumpfish,16,CM,1,
Fall,2019,52,3,4,Lumpfish,18,CM,1,
Fall,2019,52,3,4,Lumpfish,28,CM,1,
Fall,2019,52,3,4,Lumpfish,13,CM,1,
Fall,2019,96,5,3,Lumpfish,23,CM,1.052631579,
Fall,2020,1,1,3,Lumpfish,20,CM,1,
Fall,2020,2,1,3,Lumpfish,18,CM,1,
Fall,2020,4,1,3,Lumpfish,19,CM,0.714285714,
Fall,2020,4,1,3,Lumpfish,20,CM,0.714285714,
Fall,2020,4,1,3,Lumpfish,18,CM,2.142857143,
Fall,2020,4,1,3,Lumpfish,21,CM,0.714285714,
Fall,2020,6,1,4,Lumpfish,28,CM,1,
Fall,2020,6,1,4,Lumpfish,33,CM,1,
Fall,2020,7,1,4,Lumpfish,21,CM,3,
Fall,2020,7,1,4,Lumpfish,20,CM,1,
Fall,2020,7,1,4,Lumpfish,19,CM,1,
Fall,2020,7,1,4,Lumpfish,22,CM,2,
Fall,2020,7,1,4,Lumpfish,24,CM,1,
Fall,2020,8,1,4,Lumpfish,24,CM,1,
Fall,2020,8,1,4,Lumpfish,19,CM,1,
Fall,2020,8,1,4,Lumpfish,22,CM,1,
Fall,2020,9,1,4,Lumpfish,20,CM,1,
Fall,2020,10,1,4,Lumpfish,21,CM,1,
Fall,2020,10,1,4,Lumpfish,18,CM,1,
Fall,2020,10,1,4,Lumpfish,26,CM,1,
Fall,2020,10,1,4,Lumpfish,23,CM,1,
Fall,2020,10,1,4,Lumpfish,25,CM,1,
Fall,2020,11,1,4,Lumpfish,27,CM,1,
Fall,2020,14,1,3,Lumpfish,19,CM,1.176470588,
Fall,2020,23,2,4,Lumpfish,21,CM,1,
Fall,2020,23,2,4,Lumpfish,27,CM,1,
Fall,2020,24,2,4,Lumpfish,23,CM,1,
Fall,2020,25,2,3,Lumpfish,17,CM,1,
Fall,2020,25,2,3,Lumpfish,22,CM,1,
Fall,2020,26,2,3,Lumpfish,16,CM,0.952380952,
Fall,2020,26,2,3,Lumpfish,18,CM,0.952380952,
Fall,2020,26,2,3,Lumpfish,19,CM,0.952380952,
Fall,2020,27,2,3,Lumpfish,20,CM,1,
Fall,2020,27,2,3,Lumpfish,17,CM,1,
Fall,2020,27,2,3,Lumpfish,24,CM,1,
Fall,2020,29,2,3,Lumpfish,20,CM,1.333333333,
Fall,2020,31,2,4,Lumpfish,18,CM,0.952380952,
Fall,2020,34,2,4,Lumpfish,18,CM,1,
Fall,2020,36,2,2,Lumpfish,19,CM,1,
Fall,2020,47,3,3,Lumpfish,22,CM,0.952380952,
Fall,2020,64,4,4,Lumpfish,15,CM,1,
Fall,2020,70,4,4,Lumpfish,27,CM,1,
Fall,2020,90,5,3,Lumpfish,4,CM,1.25,
Fall,2021,1,1,3,Lumpfish,26,CM,1,
Fall,2021,2,1,4,Lumpfish,17,CM,1,
Fall,2021,8,1,4,Lumpfish,19,CM,2,
Fall,2021,34,2,4,Lumpfish,31,CM,1,
Fall,2021,36,2,3,Lumpfish,22,CM,1,
Fall,2021,36,2,3,Lumpfish,15,CM,1,
Fall,2021,38,2,3,Lumpfish,18,CM,1,
Fall,2021,40,2,2,Lumpfish,8,CM,1,
Fall,2021,71,4,4,Lumpfish,22,CM,1.052631579,
Spring,2001,1,1,1,Lumpfish,34,CM,1,
Spring,2001,30,2,3,Lumpfish,59,CM,1,
Spring,2001,41,2,1,Lumpfish,5,CM,1,
Spring,2001,44,2,2,Lumpfish,41,CM,1,
Spring,2001,73,4,3,Lumpfish,29,CM,1.25,
Spring,2001,103,5,1,Lumpfish,34,CM,1.111111111,
Spring,2001,107,5,3,Lumpfish,44,CM,1,
Spring,2002,23,2,1,Lumpfish,8,CM,0.952380952,
Spring,2002,57,3,1,Lumpfish,6,CM,1.111111111,
Spring,2002,64,4,3,Lumpfish,28,CM,1,
Spring,2002,94,5,3,Lumpfish,44,CM,1.111111111,
Spring,2003,11,1,4,Lumpfish,16,CM,1,
Spring,2003,67,4,3,Lumpfish,21,CM,1.111111111,
Spring,2003,81,4,3,Lumpfish,21,CM,2,
Spring,2003,84,5,3,Lumpfish,18,CM,1.111111111,
Spring,2003,85,5,4,Lumpfish,24,CM,1,
Spring,2003,89,5,3,Lumpfish,24,CM,1,
Spring,2003,89,5,3,Lumpfish,23,CM,2,
Spring,2003,89,5,3,Lumpfish,25,CM,2,
Spring,2003,90,5,4,Lumpfish,23,CM,1,
Spring,2003,94,5,3,Lumpfish,23,CM,1,
Spring,2003,96,5,2,Lumpfish,23,CM,1.176470588,
Spring,2003,96,5,2,Lumpfish,21,CM,2.352941176,
Spring,2003,96,5,2,Lumpfish,20,CM,1.176470588,
Spring,2003,96,5,2,Lumpfish,19,CM,1.176470588,
Spring,2003,96,5,2,Lumpfish,25,CM,3.529411765,
Spring,2003,97,5,1,Lumpfish,14,CM,1,
Spring,2003,97,5,1,Lumpfish,23,CM,1,
Spring,2004,64,3,3,Lumpfish,34,CM,1.176470588,
Spring,2004,69,4,3,Lumpfish,31,CM,1,
Spring,2004,82,4,2,Lumpfish,35,CM,1,
Spring,2004,98,5,3,Lumpfish,23,CM,1,
Spring,2004,98,5,3,Lumpfish,31,CM,1,
Spring,2004,98,5,3,Lumpfish,25,CM,1,
Spring,2004,102,5,2,Lumpfish,34,CM,1,
Spring,2004,103,5,3,Lumpfish,43,CM,1,
Spring,2004,103,5,3,Lumpfish,46,CM,1,
Spring,2005,4,1,1,Lumpfish,31,CM,1,
Spring,2005,88,5,3,Lumpfish,20,CM,1,
Spring,2005,89,5,3,Lumpfish,21,CM,1,
Spring,2005,89,5,3,Lumpfish,22,CM,1,
Spring,2005,91,5,2,Lumpfish,24,CM,2,
Spring,2005,93,5,3,Lumpfish,23,CM,1,
Spring,2005,96,5,4,Lumpfish,30,CM,1,
Spring,2005,96,5,4,Lumpfish,34,CM,1,
Spring,2005,96,5,4,Lumpfish,52,CM,1,
Spring,2005,99,5,3,Lumpfish,19,CM,1.052631579,
Spring,2005,101,5,2,Lumpfish,25,CM,1.052631579,
Spring,2005,101,5,2,Lumpfish,23,CM,1.052631579,
Spring,2005,101,5,2,Lumpfish,31,CM,1.052631579,
Spring,2006,48,3,3,Lumpfish,21,CM,1,
Spring,2006,49,3,3,Lumpfish,47,CM,1,
Spring,2006,60,3,4,Lumpfish,30,CM,2.222222222,
Spring,2006,60,3,4,Lumpfish,32,CM,1.111111111,
Spring,2006,63,3,4,Lumpfish,53,CM,1,
Spring,2006,63,3,4,Lumpfish,49,CM,1,
Spring,2006,75,4,4,Lumpfish,33,CM,1,
Spring,2006,75,4,4,Lumpfish,23,CM,1,
Spring,2006,75,4,4,Lumpfish,25,CM,1,
Spring,2006,75,4,4,Lumpfish,45,CM,1,
Spring,2006,76,4,4,Lumpfish,21,CM,1,
Spring,2006,77,4,3,Lumpfish,26,CM,2,
Spring,2006,83,4,3,Lumpfish,20,CM,1,
Spring,2006,83,4,3,Lumpfish,23,CM,1,
Spring,2006,84,4,3,Lumpfish,19,CM,1,
Spring,2006,84,4,3,Lumpfish,18,CM,1,
Spring,2006,84,4,3,Lumpfish,21,CM,1,
Spring,2006,84,4,3,Lumpfish,23,CM,1,
Spring,2006,85,4,3,Lumpfish,30,CM,1,
Spring,2006,85,4,3,Lumpfish,22,CM,1,
Spring,2006,85,4,3,Lumpfish,27,CM,1,
Spring,2006,86,4,3,Lumpfish,21,CM,1,
Spring,2006,86,4,3,Lumpfish,26,CM,1,
Spring,2006,86,4,3,Lumpfish,30,CM,1,
Spring,2006,90,4,2,Lumpfish,20,CM,1.176470588,
Spring,2006,90,4,2,Lumpfish,21,CM,1.176470588,
Spring,2006,97,5,4,Lumpfish,26,CM,1,
Spring,2006,107,5,3,Lumpfish,9,CM,1,
Spring,2006,107,5,3,Lumpfish,24,CM,1,
Spring,2006,108,5,3,Lumpfish,25,CM,2,
Spring,2006,108,5,3,Lumpfish,20,CM,1,
Spring,2006,108,5,3,Lumpfish,22,CM,1,
Spring,2006,108,5,3,Lumpfish,23,CM,2,
Spring,2007,39,2,2,Lumpfish,33,CM,1,
Spring,2007,41,2,2,Lumpfish,47,CM,1,
Spring,2007,60,3,3,Lumpfish,22,CM,1,
Spring,2007,62,3,3,Lumpfish,23,CM,1.111111111,
Spring,2007,63,3,4,Lumpfish,44,CM,1.052631579,
Spring,2007,63,3,4,Lumpfish,22,CM,1.052631579,
Spring,2007,63,3,4,Lumpfish,20,CM,1.052631579,
Spring,2007,64,3,1,Lumpfish,47,CM,1.428571429,
Spring,2007,69,4,3,Lumpfish,20,CM,1,
Spring,2007,70,4,3,Lumpfish,24,CM,1,
Spring,2007,72,4,4,Lumpfish,23,CM,2,
Spring,2007,81,4,3,Lumpfish,22,CM,1,
Spring,2007,81,4,3,Lumpfish,24,CM,1,
Spring,2007,83,4,3,Lumpfish,25,CM,1,
Spring,2007,83,4,3,Lumpfish,23,CM,1,
Spring,2007,83,4,3,Lumpfish,24,CM,1,
Spring,2007,94,5,3,Lumpfish,28,CM,1,
Spring,2007,94,5,3,Lumpfish,25,CM,1,
Spring,2007,95,5,3,Lumpfish,19,CM,1,
Spring,2007,100,5,3,Lumpfish,20,CM,1,
Spring,2007,100,5,3,Lumpfish,22,CM,2,
Spring,2007,100,5,3,Lumpfish,23,CM,2,
Spring,2007,100,5,3,Lumpfish,25,CM,1,
Spring,2007,101,5,3,Lumpfish,26,CM,1,
Spring,2007,101,5,3,Lumpfish,21,CM,1,
Spring,2007,104,5,3,Lumpfish,20,CM,1.052631579,
Spring,2007,105,5,1,Lumpfish,44,CM,1,
Spring,2007,107,5,2,Lumpfish,20,CM,1,
Spring,2008,37,2,1,Lumpfish,8,CM,1,
Spring,2008,38,2,1,Lumpfish,43,CM,1,
Spring,2008,58,3,4,Lumpfish,32,CM,1,
Spring,2008,71,4,1,Lumpfish,7,CM,2,
Spring,2008,71,4,1,Lumpfish,6,CM,1,
Spring,2008,77,4,4,Lumpfish,27,CM,1,
Spring,2008,83,4,4,Lumpfish,55,CM,1,
Spring,2008,92,5,2,Lumpfish,25,CM,1,
Spring,2008,92,5,2,Lumpfish,24,CM,1,
Spring,2008,93,5,3,Lumpfish,22,CM,1,
Spring,2008,99,5,3,Lumpfish,21,CM,1,
Spring,2008,99,5,3,Lumpfish,22,CM,1,
Spring,2008,99,5,3,Lumpfish,20,CM,1,
Spring,2008,99,5,3,Lumpfish,26,CM,1,
Spring,2008,100,5,3,Lumpfish,25,CM,1,
Spring,2008,100,5,3,Lumpfish,21,CM,1,
Spring,2008,101,5,3,Lumpfish,26,CM,1.111111111,
Spring,2008,101,5,3,Lumpfish,30,CM,1.111111111,
Spring,2008,101,5,3,Lumpfish,25,CM,1.111111111,
Spring,2008,102,5,3,Lumpfish,26,CM,1,
Spring,2008,106,5,2,Lumpfish,24,CM,1,
Spring,2008,107,5,1,Lumpfish,18,CM,1,
Spring,2008,107,5,1,Lumpfish,29,CM,1,
Spring,2008,107,5,1,Lumpfish,48,CM,1,
Spring,2008,110,5,1,Lumpfish,5,CM,1,
Spring,2008,110,5,1,Lumpfish,10,CM,1,
Spring,2009,52,3,1,Lumpfish,44,CM,1,
Spring,2009,59,3,4,Lumpfish,31,CM,1,
Spring,2009,71,4,3,Lumpfish,44,CM,1,
Spring,2009,75,4,4,Lumpfish,21,CM,1,
Spring,2009,75,4,4,Lumpfish,25,CM,1,
Spring,2009,75,4,4,Lumpfish,4,CM,1,
Spring,2009,80,4,2,Lumpfish,7,CM,1,
Spring,2009,81,4,1,Lumpfish,5,CM,1,
Spring,2009,100,5,3,Lumpfish,23,CM,1,
Spring,2009,100,5,3,Lumpfish,18,CM,1,
Spring,2009,100,5,3,Lumpfish,20,CM,1,
Spring,2009,100,5,3,Lumpfish,17,CM,1,
Spring,2009,103,5,4,Lumpfish,24,CM,1,
Spring,2010,49,3,2,Lumpfish,22,CM,1,
Spring,2010,55,3,4,Lumpfish,40,CM,1,
Spring,2010,55,3,4,Lumpfish,25,CM,1,
Spring,2010,56,3,4,Lumpfish,21,CM,1,
Spring,2010,63,3,1,Lumpfish,5,CM,1,
Spring,2010,66,3,3,Lumpfish,19,CM,1,
Spring,2010,72,4,3,Lumpfish,33,CM,1,
Spring,2010,72,4,3,Lumpfish,20,CM,1,
Spring,2010,73,4,4,Lumpfish,26,CM,1.111111111,
Spring,2010,73,4,4,Lumpfish,21,CM,1.111111111,
Spring,2010,74,4,3,Lumpfish,19,CM,1,
Spring,2010,81,4,2,Lumpfish,11,CM,1.111111111,
Spring,2010,81,4,2,Lumpfish,28,CM,1.111111111,
Spring,2010,83,4,4,Lumpfish,43,CM,1,
Spring,2010,83,4,4,Lumpfish,31,CM,1,
Spring,2010,87,4,3,Lumpfish,23,CM,1,
Spring,2010,89,4,4,Lumpfish,18,CM,1,
Spring,2010,92,4,2,Lumpfish,23,CM,1,
Spring,2010,102,5,3,Lumpfish,20,CM,1,
Spring,2010,103,5,4,Lumpfish,27,CM,1,
Spring,2010,103,5,4,Lumpfish,21,CM,1,
Spring,2010,103,5,4,Lumpfish,18,CM,1,
Spring,2010,103,5,4,Lumpfish,23,CM,1,
Spring,2010,106,5,4,Lumpfish,26,CM,1,
Spring,2010,106,5,4,Lumpfish,24,CM,2,
Spring,2010,106,5,4,Lumpfish,19,CM,1,
Spring,2010,106,5,4,Lumpfish,25,CM,1,
Spring,2010,108,5,2,Lumpfish,25,CM,1.111111111,
Spring,2010,110,5,2,Lumpfish,45,CM,1,
Spring,2010,112,5,3,Lumpfish,22,CM,1,
Spring,2010,114,5,1,Lumpfish,5,CM,1,
Spring,2010,116,5,3,Lumpfish,23,CM,1,
Spring,2010,116,5,3,Lumpfish,27,CM,1,
Spring,2010,116,5,3,Lumpfish,19,CM,1,
Spring,2010,116,5,3,Lumpfish,24,CM,1,
Spring,2010,116,5,3,Lumpfish,21,CM,1,
Spring,2010,117,5,3,Lumpfish,20,CM,3,
Spring,2010,117,5,3,Lumpfish,23,CM,1,
Spring,2011,25,2,1,Lumpfish,6,CM,1,
Spring,2011,61,3,4,Lumpfish,24,CM,1,
Spring,2011,65,3,4,Lumpfish,16,CM,1,
Spring,2011,67,3,3,Lumpfish,16,CM,1.25,
Spring,2011,72,4,3,Lumpfish,16,CM,1,
Spring,2011,73,4,3,Lumpfish,16,CM,1,
Spring,2011,73,4,3,Lumpfish,23,CM,1,
Spring,2011,74,4,3,Lumpfish,23,CM,1.052631579,
Spring,2011,74,4,3,Lumpfish,20,CM,1.052631579,
Spring,2011,77,4,1,Lumpfish,20,CM,1.176470588,
Spring,2011,81,4,4,Lumpfish,21,CM,1,
Spring,2011,82,4,4,Lumpfish,20,CM,1.176470588,
Spring,2011,82,4,4,Lumpfish,17,CM,1.176470588,
Spring,2011,82,4,4,Lumpfish,21,CM,2.352941176,
Spring,2011,86,4,2,Lumpfish,17,CM,1.333333333,
Spring,2011,88,4,2,Lumpfish,19,CM,1,
Spring,2011,91,4,3,Lumpfish,21,CM,1,
Spring,2011,91,4,3,Lumpfish,15,CM,1,
Spring,2011,91,4,3,Lumpfish,24,CM,1,
Spring,2011,91,4,3,Lumpfish,20,CM,1,
Spring,2011,95,5,2,Lumpfish,17,CM,1,
Spring,2011,95,5,2,Lumpfish,22,CM,1,
Spring,2011,96,5,3,Lumpfish,17,CM,1,
Spring,2011,96,5,3,Lumpfish,28,CM,1,
Spring,2011,97,5,4,Lumpfish,23,CM,1,
Spring,2011,98,5,2,Lumpfish,16,CM,1.111111111,
Spring,2011,99,5,3,Lumpfish,26,CM,1,
Spring,2011,100,5,3,Lumpfish,21,CM,1.111111111,
Spring,2011,100,5,3,Lumpfish,23,CM,1.111111111,
Spring,2011,101,5,2,Lumpfish,27,CM,1,
Spring,2011,101,5,2,Lumpfish,21,CM,1,
Spring,2011,103,5,1,Lumpfish,10,CM,1.052631579,
Spring,2011,106,5,4,Lumpfish,21,CM,2,
Spring,2011,106,5,4,Lumpfish,24,CM,1,
Spring,2011,106,5,4,Lumpfish,18,CM,1,
Spring,2011,106,5,4,Lumpfish,20,CM,1,
Spring,2011,106,5,4,Lumpfish,23,CM,1,
Spring,2011,106,5,4,Lumpfish,19,CM,2,
Spring,2011,106,5,4,Lumpfish,22,CM,1,
Spring,2011,106,5,4,Lumpfish,25,CM,1,
Spring,2011,116,5,3,Lumpfish,22,CM,1.25,
Spring,2012,6,1,2,Lumpfish,24,CM,1.176470588,
Spring,2012,25,2,3,Lumpfish,21,CM,2,
Spring,2012,25,2,3,Lumpfish,23,CM,1,
Spring,2012,34,2,4,Lumpfish,25,CM,1,
Spring,2012,42,2,3,Lumpfish,23,CM,1,
Spring,2012,47,2,2,Lumpfish,17,CM,2,
Spring,2012,47,2,2,Lumpfish,23,CM,2,
Spring,2012,53,3,2,Lumpfish,22,CM,1,
Spring,2012,66,3,4,Lumpfish,23,CM,1.333333333,
Spring,2012,67,3,3,Lumpfish,8,CM,1.333333333,
Spring,2012,69,3,2,Lumpfish,22,CM,1.176470588,
Spring,2012,81,4,3,Lumpfish,18,CM,1,
Spring,2012,110,5,3,Lumpfish,6,CM,1.333333333,
Spring,2012,112,5,2,Lumpfish,21,CM,1.25,
Spring,2013,13,1,3,Lumpfish,26,CM,1,
Spring,2013,31,2,4,Lumpfish,22,CM,1.176470588,
Spring,2013,40,2,4,Lumpfish,26,CM,1,
Spring,2013,44,2,3,Lumpfish,20,CM,1,
Spring,2013,48,2,2,Lumpfish,23,CM,1,
Spring,2013,52,3,3,Lumpfish,21,CM,0.909090909,
Spring,2013,52,3,3,Lumpfish,25,CM,0.909090909,
Spring,2013,84,4,3,Lumpfish,17,CM,0.869565217,
Spring,2013,86,4,2,Lumpfish,23,CM,2,
Spring,2013,86,4,2,Lumpfish,22,CM,1,
Spring,2013,88,4,3,Lumpfish,19,CM,1,
Spring,2013,89,4,2,Lumpfish,20,CM,1,
Spring,2013,92,4,1,Lumpfish,8,CM,4.285714286,
Spring,2013,95,5,2,Lumpfish,20,CM,1.333333333,
Spring,2013,100,5,4,Lumpfish,23,CM,1,
Spring,2013,105,5,4,Lumpfish,24,CM,1,
Spring,2013,105,5,4,Lumpfish,31,CM,1,
Spring,2014,11,1,1,Lumpfish,31,CM,1.111111111,
Spring,2014,18,1,3,Lumpfish,5,CM,1.176470588,
Spring,2014,66,3,4,Lumpfish,25,CM,1,
Spring,2014,68,3,2,Lumpfish,20,CM,1.052631579,
Spring,2014,81,4,4,Lumpfish,23,CM,1,
Spring,2014,99,5,3,Lumpfish,20,CM,1,
Spring,2014,113,5,2,Lumpfish,21,CM,1,
Spring,2015,75,4,3,Lumpfish,50,CM,1,
Spring,2015,94,4,3,Lumpfish,21,CM,1,
Spring,2015,97,4,2,Lumpfish,48,CM,1,
Spring,2015,101,5,2,Lumpfish,21,CM,1.176470588,
Spring,2015,101,5,2,Lumpfish,19,CM,1.176470588,
Spring,2015,104,5,3,Lumpfish,26,CM,1,
Spring,2015,107,5,4,Lumpfish,26,CM,1,
Spring,2015,110,5,3,Lumpfish,27,CM,1,
Spring,2015,110,5,3,Lumpfish,22,CM,1,
Spring,2015,119,5,3,Lumpfish,22,CM,1.25,
Spring,2016,1,1,3,Lumpfish,26,CM,1,
Spring,2016,1,1,3,Lumpfish,33,CM,1,
Spring,2016,3,1,2,Lumpfish,18,CM,1,
Spring,2016,5,1,1,Lumpfish,28,CM,1,
Spring,2016,8,1,3,Lumpfish,26,CM,1,
Spring,2016,18,1,4,Lumpfish,24,CM,1,
Spring,2016,23,1,3,Lumpfish,24,CM,1,
Spring,2016,23,1,3,Lumpfish,23,CM,1,
Spring,2016,23,1,3,Lumpfish,22,CM,1,
Spring,2016,24,1,3,Lumpfish,23,CM,3,
Spring,2016,25,2,3,Lumpfish,6,CM,1.428571429,
Spring,2016,31,2,1,Lumpfish,7,CM,1,
Spring,2016,31,2,1,Lumpfish,9,CM,1,
Spring,2016,46,2,1,Lumpfish,7,CM,1,
Spring,2016,49,3,3,Lumpfish,49,CM,1,
Spring,2016,77,4,2,Lumpfish,20,CM,1,
Spring,2017,7,1,2,Lumpfish,23,CM,1.052631579,
Spring,2017,19,1,4,Lumpfish,8,CM,1,
Spring,2017,35,2,1,Lumpfish,6,CM,2,
Spring,2017,51,3,3,Lumpfish,19,CM,1,
Spring,2017,63,3,4,Lumpfish,29,CM,1,
Spring,2017,67,3,3,Lumpfish,20,CM,1,
Spring,2017,69,3,3,Lumpfish,22,CM,1,
Spring,2017,72,3,2,Lumpfish,22,CM,1,
Spring,2017,74,3,2,Lumpfish,20,CM,2,
Spring,2017,78,4,4,Lumpfish,21,CM,1,
Spring,2017,79,4,2,Lumpfish,23,CM,1.25,
Spring,2017,86,4,4,Lumpfish,27,CM,1,
Spring,2017,86,4,4,Lumpfish,20,CM,1,
Spring,2017,90,4,2,Lumpfish,20,CM,1,
Spring,2017,91,4,3,Lumpfish,5,CM,1,
Spring,2017,92,4,3,Lumpfish,22,CM,1,
Spring,2017,95,4,1,Lumpfish,7,CM,1,
Spring,2017,100,5,3,Lumpfish,18,CM,0.952380952,
Spring,2017,103,5,1,Lumpfish,19,CM,2.105263158,
Spring,2017,103,5,1,Lumpfish,21,CM,2.105263158,
Spring,2017,103,5,1,Lumpfish,20,CM,2.105263158,
Spring,2017,103,5,1,Lumpfish,18,CM,1.052631579,
Spring,2017,103,5,1,Lumpfish,9,CM,1.052631579,
Spring,2017,103,5,1,Lumpfish,13,CM,1.052631579,
Spring,2017,103,5,1,Lumpfish,16,CM,1.052631579,
Spring,2017,105,5,3,Lumpfish,20,CM,1,
Spring,2017,109,5,4,Lumpfish,23,CM,1,
Spring,2017,115,5,2,Lumpfish,20,CM,1,
Spring,2017,115,5,2,Lumpfish,19,CM,2,
Spring,2017,118,5,2,Lumpfish,21,CM,1,
Spring,2017,118,5,2,Lumpfish,17,CM,1,
Spring,2017,121,5,3,Lumpfish,19,CM,1,
Spring,2017,121,5,3,Lumpfish,20,CM,1,
Spring,2018,17,1,4,Lumpfish,26,CM,1,
Spring,2018,17,1,4,Lumpfish,27,CM,1,
Spring,2018,25,2,1,Lumpfish,21,CM,1,
Spring,2018,26,2,2,Lumpfish,17,CM,1,
Spring,2018,34,2,2,Lumpfish,18,CM,1,
Spring,2018,37,2,3,Lumpfish,18,CM,1,
Spring,2018,46,2,3,Lumpfish,17,CM,1,
Spring,2018,49,3,3,Lumpfish,21,CM,1,
Spring,2018,49,3,3,Lumpfish,18,CM,1,
Spring,2018,58,3,4,Lumpfish,26,CM,1,
Spring,2018,62,3,3,Lumpfish,20,CM,1.25,
Spring,2018,62,3,3,Lumpfish,18,CM,1.25,
Spring,2018,62,3,3,Lumpfish,21,CM,1.25,
Spring,2018,64,3,4,Lumpfish,18,CM,1,
Spring,2018,65,3,4,Lumpfish,19,CM,1,
Spring,2018,72,3,2,Lumpfish,12,CM,0.952380952,
Spring,2018,73,4,3,Lumpfish,20,CM,1,
Spring,2018,74,4,3,Lumpfish,20,CM,1,
Spring,2018,81,4,4,Lumpfish,21,CM,2,
Spring,2018,83,4,3,Lumpfish,24,CM,1.111111111,
Spring,2018,85,4,3,Lumpfish,19,CM,1,
Spring,2018,90,4,2,Lumpfish,21,CM,1,
Spring,2018,95,4,2,Lumpfish,19,CM,2,
Spring,2018,95,4,2,Lumpfish,18,CM,2,
Spring,2018,99,5,1,Lumpfish,5,CM,1.176470588,
Spring,2018,100,5,1,Lumpfish,16,CM,1,
Spring,2018,105,5,3,Lumpfish,18,CM,1,
Spring,2018,106,5,3,Lumpfish,20,CM,1,
Spring,2018,112,5,2,Lumpfish,18,CM,1,
Spring,2018,114,5,2,Lumpfish,19,CM,1,
Spring,2018,115,5,1,Lumpfish,5,CM,1,
Spring,2018,118,5,3,Lumpfish,20,CM,1.176470588,
Spring,2019,47,2,1,Lumpfish,8,CM,1,
Spring,2019,49,3,2,Lumpfish,23,CM,1,
Spring,2019,51,3,1,Lumpfish,17,CM,1,
Spring,2019,60,3,3,Lumpfish,17,CM,1.333333333,
Spring,2019,89,4,2,Lumpfish,25,CM,1,
Spring,2019,89,4,2,Lumpfish,21,CM,1,
Spring,2019,89,4,2,Lumpfish,18,CM,1,
Spring,2019,94,4,2,Lumpfish,17,CM,1,
Spring,2019,94,4,2,Lumpfish,20,CM,2,
Spring,2019,94,4,2,Lumpfish,6,CM,1,
Spring,2019,98,5,2,Lumpfish,17,CM,1,
Spring,2019,98,5,2,Lumpfish,20,CM,1,
Spring,2019,100,5,1,Lumpfish,22,CM,1,
Spring,2019,107,5,2,Lumpfish,19,CM,1.111111111,
Spring,2019,110,5,2,Lumpfish,17,CM,0.952380952,
Spring,2019,116,5,3,Lumpfish,16,CM,1.176470588,
Spring,2021,2,1,4,Lumpfish,24,CM,1,
Spring,2021,2,1,4,Lumpfish,21,CM,1,
Spring,2021,3,1,3,Lumpfish,22,CM,1,
Spring,2021,9,1,4,Lumpfish,23,CM,1,
Spring,2021,13,1,1,Lumpfish,16,CM,1.25,
Spring,2021,15,1,2,Lumpfish,30,CM,1,
Spring,2021,17,1,3,Lumpfish,21,CM,1,
Spring,2021,17,1,3,Lumpfish,22,CM,1,
Spring,2021,17,1,3,Lumpfish,25,CM,1,
Spring,2021,18,1,4,Lumpfish,21,CM,1,
Spring,2021,18,1,4,Lumpfish,20,CM,1,
Spring,2021,19,1,3,Lumpfish,22,CM,1.176470588,
Spring,2021,20,1,4,Lumpfish,20,CM,1,
Spring,2021,25,2,4,Lumpfish,26,CM,1,
Spring,2021,27,2,4,Lumpfish,31,CM,1,
Spring,2021,27,2,4,Lumpfish,23,CM,1,
Spring,2021,28,2,1,Lumpfish,21,CM,1,
Spring,2021,29,2,1,Lumpfish,21,CM,1.538461538,
Spring,2021,31,2,2,Lumpfish,21,CM,1.052631579,
Spring,2021,35,2,3,Lumpfish,23,CM,1,
Spring,2021,35,2,3,Lumpfish,21,CM,2,
Spring,2021,36,2,4,Lumpfish,21,CM,1.052631579,
Spring,2021,39,2,2,Lumpfish,14,CM,1,
Spring,2021,39,2,2,Lumpfish,19,CM,2,
Spring,2021,39,2,2,Lumpfish,15,CM,1,
Spring,2021,40,2,3,Lumpfish,19,CM,2,
Spring,2021,41,2,3,Lumpfish,19,CM,1.25,
Spring,2021,41,2,3,Lumpfish,18,CM,1.25,
Spring,2021,41,2,3,Lumpfish,20,CM,1.25,
Spring,2021,42,2,3,Lumpfish,17,CM,2.105263158,
Spring,2021,42,2,3,Lumpfish,24,CM,1.052631579,
Spring,2021,42,2,3,Lumpfish,19,CM,2.105263158,
Spring,2021,43,2,3,Lumpfish,20,CM,2,
Spring,2021,44,2,2,Lumpfish,24,CM,1,
Spring,2021,44,2,2,Lumpfish,19,CM,1,
Spring,2021,45,2,1,Lumpfish,22,CM,1,
Spring,2021,45,2,1,Lumpfish,19,CM,1,
Spring,2021,46,2,2,Lumpfish,21,CM,1,
Spring,2021,46,2,2,Lumpfish,22,CM,1,
Spring,2021,46,2,2,Lumpfish,18,CM,1,
Spring,2021,46,2,2,Lumpfish,17,CM,1,
Spring,2021,46,2,2,Lumpfish,20,CM,1,
Spring,2021,48,3,3,Lumpfish,15,CM,1.333333333,
Spring,2021,50,3,3,Lumpfish,19,CM,1.052631579,
Spring,2021,50,3,3,Lumpfish,23,CM,1.052631579,
Spring,2021,50,3,3,Lumpfish,21,CM,1.052631579,
Spring,2021,50,3,3,Lumpfish,24,CM,1.052631579,
Spring,2021,50,3,3,Lumpfish,18,CM,1.052631579,
Spring,2021,51,3,2,Lumpfish,18,CM,1.052631579,
Spring,2021,52,3,2,Lumpfish,24,CM,1,
Spring,2021,52,3,2,Lumpfish,17,CM,1,
Spring,2021,52,3,2,Lumpfish,21,CM,1,
Spring,2021,53,3,1,Lumpfish,18,CM,2,
Spring,2021,53,3,1,Lumpfish,21,CM,2,
Spring,2021,53,3,1,Lumpfish,20,CM,1,
Spring,2021,53,3,1,Lumpfish,19,CM,2,
Spring,2021,54,3,2,Lumpfish,18,CM,1.052631579,
Spring,2021,54,3,2,Lumpfish,19,CM,1.052631579,
Spring,2021,54,3,2,Lumpfish,22,CM,1.052631579,
Spring,2021,54,3,2,Lumpfish,23,CM,1.052631579,
Spring,2021,55,3,2,Lumpfish,22,CM,1,
Spring,2021,55,3,2,Lumpfish,24,CM,1,
Spring,2021,55,3,2,Lumpfish,21,CM,1,
Spring,2021,55,3,2,Lumpfish,19,CM,1,
Spring,2021,55,3,2,Lumpfish,23,CM,1,
Spring,2021,55,3,2,Lumpfish,26,CM,1,
Spring,2021,57,3,2,Lumpfish,17,CM,1.176470588,
Spring,2021,58,3,1,Lumpfish,16,CM,1,
Spring,2021,58,3,1,Lumpfish,18,CM,1,
Spring,2021,58,3,1,Lumpfish,24,CM,1,
Spring,2021,59,3,4,Lumpfish,20,CM,1.25,
Spring,2021,59,3,4,Lumpfish,21,CM,1.25,
Spring,2021,60,3,4,Lumpfish,22,CM,1,
Spring,2021,60,3,4,Lumpfish,21,CM,1,
Spring,2021,60,3,4,Lumpfish,20,CM,1,
Spring,2021,61,3,4,Lumpfish,15,CM,1.052631579,
Spring,2021,63,3,3,Lumpfish,22,CM,1,
Spring,2021,63,3,3,Lumpfish,19,CM,1,
Spring,2021,64,3,3,Lumpfish,17,CM,1,
Spring,2021,64,3,3,Lumpfish,24,CM,2,
Spring,2021,64,3,3,Lumpfish,18,CM,1,
Spring,2021,66,3,4,Lumpfish,21,CM,1.052631579,
Spring,2021,66,3,4,Lumpfish,24,CM,1.052631579,
Spring,2021,66,3,4,Lumpfish,19,CM,1.052631579,
Spring,2021,68,3,3,Lumpfish,16,CM,1,
Spring,2021,69,3,1,Lumpfish,8,CM,1,
Spring,2021,70,3,2,Lumpfish,21,CM,2,
Spring,2021,70,3,2,Lumpfish,18,CM,1,
Spring,2021,70,3,2,Lumpfish,23,CM,1,
Spring,2021,70,3,2,Lumpfish,19,CM,1,
Spring,2021,70,3,2,Lumpfish,22,CM,1,
Spring,2021,71,3,1,Lumpfish,19,CM,1.052631579,
Spring,2021,71,3,1,Lumpfish,25,CM,1.052631579,
Spring,2021,71,3,1,Lumpfish,15,CM,1.052631579,
Spring,2021,73,4,3,Lumpfish,22,CM,1,
Spring,2021,73,4,3,Lumpfish,20,CM,1,
Spring,2021,74,4,3,Lumpfish,20,CM,1,
Spring,2021,78,4,1,Lumpfish,20,CM,1,
Spring,2021,83,4,3,Lumpfish,19,CM,1,
Spring,2021,83,4,3,Lumpfish,20,CM,1,
Spring,2021,83,4,3,Lumpfish,21,CM,1,
Spring,2021,84,4,4,Lumpfish,23,CM,1,
Spring,2021,86,4,4,Lumpfish,18,CM,1,
Spring,2021,87,4,3,Lumpfish,18,CM,1,
Spring,2021,87,4,3,Lumpfish,20,CM,1,
Spring,2021,88,4,3,Lumpfish,22,CM,1,
Spring,2021,89,4,3,Lumpfish,23,CM,1,
Spring,2021,89,4,3,Lumpfish,25,CM,1,
Spring,2021,90,4,3,Lumpfish,21,CM,1,
Spring,2021,90,4,3,Lumpfish,24,CM,1,
Spring,2021,91,4,2,Lumpfish,18,CM,1,
Spring,2021,93,4,2,Lumpfish,22,CM,2,
Spring,2021,93,4,2,Lumpfish,18,CM,1,
Spring,2021,93,4,2,Lumpfish,23,CM,1,
Spring,2021,93,4,2,Lumpfish,21,CM,2,
Spring,2021,93,4,2,Lumpfish,19,CM,1,
Spring,2021,93,4,2,Lumpfish,20,CM,2,
Spring,2021,94,4,2,Lumpfish,16,CM,1,
Spring,2021,94,4,2,Lumpfish,28,CM,1,
Spring,2021,94,4,2,Lumpfish,20,CM,3,
Spring,2021,94,4,2,Lumpfish,18,CM,1,
Spring,2021,94,4,2,Lumpfish,23,CM,1,
Spring,2021,94,4,2,Lumpfish,22,CM,1,
Spring,2021,95,4,2,Lumpfish,19,CM,1,
Spring,2021,95,4,2,Lumpfish,22,CM,2,
Spring,2021,95,4,2,Lumpfish,20,CM,2,
Spring,2021,95,4,2,Lumpfish,23,CM,1,
Spring,2021,95,4,2,Lumpfish,18,CM,1,
Spring,2021,95,4,2,Lumpfish,21,CM,1,
Spring,2021,96,4,2,Lumpfish,21,CM,5,
Spring,2021,96,4,2,Lumpfish,18,CM,1,
Spring,2021,96,4,2,Lumpfish,22,CM,1,
Spring,2021,96,4,2,Lumpfish,19,CM,1,
Spring,2021,96,4,2,Lumpfish,20,CM,2,
Spring,2021,96,4,2,Lumpfish,25,CM,2,
Spring,2021,97,5,2,Lumpfish,18,CM,1,
Spring,2021,97,5,2,Lumpfish,22,CM,1,
Spring,2021,97,5,2,Lumpfish,21,CM,1,
Spring,2021,97,5,2,Lumpfish,20,CM,1,
Spring,2021,100,5,1,Lumpfish,17,CM,1,
Spring,2021,100,5,1,Lumpfish,19,CM,2,
Spring,2021,100,5,1,Lumpfish,15,CM,1,
Spring,2021,100,5,1,Lumpfish,20,CM,1,
Spring,2021,102,5,3,Lumpfish,19,CM,1,
Spring,2021,103,5,3,Lumpfish,22,CM,2.222222222,
Spring,2021,103,5,3,Lumpfish,19,CM,1.111111111,
Spring,2021,103,5,3,Lumpfish,23,CM,1.111111111,
Spring,2021,104,5,3,Lumpfish,21,CM,2,
Spring,2021,104,5,3,Lumpfish,17,CM,1,
Spring,2021,104,5,3,Lumpfish,20,CM,1,
Spring,2021,104,5,3,Lumpfish,19,CM,1,
Spring,2021,105,5,1,Lumpfish,8,CM,1,
Spring,2021,109,5,4,Lumpfish,14,CM,1,
Spring,2021,112,5,3,Lumpfish,17,CM,1,
Spring,2021,112,5,3,Lumpfish,18,CM,1,
Spring,2021,113,5,3,Lumpfish,13,CM,2,
Spring,2021,114,5,3,Lumpfish,23,CM,1,
Spring,2021,114,5,3,Lumpfish,18,CM,2,
Spring,2021,114,5,3,Lumpfish,19,CM,1,
Spring,2021,116,5,3,Lumpfish,20,CM,1,
Spring,2021,116,5,3,Lumpfish,18,CM,1,
Spring,2021,116,5,3,Lumpfish,24,CM,1,
Spring,2021,116,5,3,Lumpfish,21,CM,4,
Spring,2021,117,5,3,Lumpfish,19,CM,1,
Spring,2021,118,5,3,Lumpfish,20,CM,1,
Spring,2021,118,5,3,Lumpfish,21,CM,1,
Spring,2021,118,5,3,Lumpfish,19,CM,1,
Spring,2021,118,5,3,Lumpfish,24,CM,1,
Spring,2021,118,5,3,Lumpfish,23,CM,1,
Spring,2021,118,5,3,Lumpfish,17,CM,1,
Spring,2021,118,5,3,Lumpfish,16,CM,1,
Spring,2021,118,5,3,Lumpfish,22,CM,1,
